1224,"grpSLOPE","prox_sorted_L1_C",FALSE,"None","None","None","None",FALSE
1225,"gsEasy","es_raw",FALSE,"None","None","Invalid read of size 8 : Interface.cpp : 29","None",FALSE
1226,"gsEasy","gset_raw",FALSE,"None","None","Invalid read of size 8 : Interface.cpp : 29","None",FALSE
1227,"gtfs2gps","rcpp_distance_haversine",FALSE,"None","None","Invalid read of size 8 : distance_calcs.cpp : 45","None",FALSE
1228,"hans","haversine",FALSE,"None","None","Invalid read of size 8 : haversine.cpp : 29","None",FALSE
1229,"hermiter","hermite_function",TRUE,"None","None","None","None",FALSE
1230,"hermiter","hermite_int_full_domain",TRUE,"None","None","None","None",FALSE
1231,"hermiter","hermite_integral_val",TRUE,"None","None","None","None",FALSE
1232,"hermiter","hermite_integral_val_upper",TRUE,"None","None","None","None",FALSE
1233,"hermiter","hermite_normalization",TRUE,"None","None","59 bytes in 1 blocks are definitely lost in loss record 31 of 1,265 : hermite_utils.cpp : 53","None",FALSE
1234,"hermiter","hermite_polynomial",TRUE,"None","None","None","None",FALSE
1235,"hermiter","standardizeInputs",TRUE,"None","None","None","None",FALSE
1236,"hermiter","standardizeInputsEW",TRUE,"None","None","None","None",FALSE
1237,"hetGP","Wijs_gauss_cpp",FALSE,"None","None","Invalid read of size 8 : src/EMSE.cpp : 64","None",FALSE
1238,"hetGP","Wijs_gauss_sym_cpp",FALSE,"None","None","None","None",FALSE
1239,"hetGP","Wijs_mat32_cpp",FALSE,"None","None","None","None",FALSE
1240,"hetGP","Wijs_mat32_sym_cpp",FALSE,"None","None","None","None",FALSE
1241,"hetGP","Wijs_mat52_cpp",FALSE,"None","None","None","None",FALSE
1242,"hetGP","Wijs_mat52_sym_cpp",FALSE,"None","None","None","None",FALSE
1243,"hetGP","add_diag",FALSE,"None","None","Invalid read of size 8 : src/fast_diag.cpp : 38","None",FALSE
1244,"hetGP","c1_gauss_cpp",FALSE,"None","None","None","None",FALSE
1245,"hetGP","c1_mat32_cpp",FALSE,"None","None","44 bytes in 1 blocks are possibly lost in loss record 22 of 1,350 : src/EMSE.cpp : 659","None",FALSE
1246,"hetGP","c1_mat52_cpp",FALSE,"None","None","None","None",FALSE
1247,"hetGP","c2_gauss_cpp",FALSE,"None","None","None","None",FALSE
1248,"hetGP","c2_mat32_cpp",FALSE,"None","None","None","None",FALSE
1249,"hetGP","c2_mat52_cpp",FALSE,"None","None","None","None",FALSE
1250,"hetGP","d_gauss_cpp",FALSE,"None","None","None","None",FALSE
1251,"hetGP","d_mat32_cpp",FALSE,"None","None","None","None",FALSE
1252,"hetGP","d_mat52_cpp",FALSE,"None","None","None","None",FALSE
1253,"hetGP","d_matern3_2_1args_kthetag",FALSE,"None","None","None","None",FALSE
1254,"hetGP","d_matern3_2_1args_theta_k",FALSE,"None","None","None","None",FALSE
1255,"hetGP","d_matern3_2_1args_theta_k_iso",FALSE,"None","None","None","None",FALSE
1256,"hetGP","d_matern3_2_2args_kthetag",FALSE,"None","None","None","None",FALSE
1257,"hetGP","d_matern3_2_2args_theta_k_iso",FALSE,"None","None","None","None",FALSE
1258,"hetGP","d_matern5_2_1args_kthetag",FALSE,"None","None","None","None",FALSE
1259,"hetGP","d_matern5_2_1args_theta_k",FALSE,"None","None","None","None",FALSE
1260,"hetGP","d_matern5_2_1args_theta_k_iso",FALSE,"None","None","None","None",FALSE
1261,"hetGP","d_matern5_2_2args_kthetag",FALSE,"None","None","Invalid read of size 8 : src/Matern_utils.cpp : 244","None",FALSE
1262,"hetGP","d_matern5_2_2args_theta_k_iso",FALSE,"None","None","None","None",FALSE
1263,"hetGP","fast_diag",FALSE,"None","None","None","None",FALSE
1264,"hetGP","fast_tUY2",FALSE,"None","None","None","None",FALSE
1265,"hetGP","fast_trace",FALSE,"None","None","None","None",FALSE
1266,"hetGP","find_corres",FALSE,"None","None","None","None",FALSE
1267,"hetGP","matern3_2_1args",FALSE,"None","None","None","None",FALSE
1268,"hetGP","matern3_2_2args",FALSE,"None","None","Invalid read of size 8 : src/Matern_utils.cpp : 474","None",FALSE
1269,"hetGP","matern5_2_1args",FALSE,"None","None","None","None",FALSE
1270,"hetGP","matern5_2_2args",FALSE,"None","None","None","None",FALSE
1271,"hetGP","mi_gauss_cpp",FALSE,"None","None","None","None",FALSE
1272,"hetGP","mi_mat32_cpp",FALSE,"None","None","None","None",FALSE
1273,"hetGP","mi_mat52_cpp",FALSE,"None","None","None","None",FALSE
1274,"hetGP","partial_d_dist_abs_dX1_i1_i2_X2",FALSE,"None","None","Invalid read of size 8 : src/Matern_utils.cpp : 290","None",FALSE
1275,"hetGP","partial_d_dist_abs_dX_i1_i2",FALSE,"None","None","Invalid read of size 8 : src/Matern_utils.cpp : 268","None",FALSE
1276,"hetGP","partial_d_dist_dX1_i1_i2_X2",FALSE,"None","None","Invalid read of size 8 : src/distcpp.cpp : 183","None",FALSE
1277,"hetGP","partial_d_dist_dX_i1_i2",FALSE,"None","None","Invalid read of size 8 : src/distcpp.cpp : 172","None",FALSE
1278,"hetGP","trace_sym",FALSE,"None","None","None","None",FALSE
1279,"hierarchicalSets","getSplines",FALSE,"None","None","None","None",FALSE
1280,"hierarchicalSets","pairSummary",FALSE,"None","None","Invalid read of size 4 : src/setClustering.cpp : 31","None",FALSE
1281,"hierarchicalSets","setClustering",FALSE,"None","None","Invalid read of size 4 : src/setClustering.cpp : 37","None",FALSE
1282,"highfrequency","KK",FALSE,"None","None","None","None",FALSE
1283,"highfrequency","heavy_likelihoodR_",FALSE,"None","None","None","None",FALSE
1284,"highfrequency","heavy_parameter_transformR_",FALSE,"None","None","Invalid write of size 8 : src/heavy_model.cpp : 12","None",FALSE
1285,"highfrequency","heavy_parameter_transform_RetrackR_",FALSE,"None","None","None","None",FALSE
1286,"highfrequency","kernelEstimator",FALSE,"None","None","Invalid read of size 8 : src/realized_measures.cpp : 106","None",FALSE
1287,"highfrequency","nsmaller",FALSE,"None","None","Invalid read of size 4 : src/realized_measures.cpp : 7","None",FALSE
1288,"highfrequency","overlap",FALSE,"None","None","None","None",FALSE
1289,"highfrequency","pcovcc",FALSE,"None","None","Invalid read of size 8 : src/realized_measures.cpp : 136","None",FALSE
1290,"highfrequency","rv",FALSE,"None","None","None","None",FALSE
1291,"humaniformat","format_period",TRUE,"None","None","None","None",FALSE
1292,"humaniformat","format_reverse",TRUE,"None","None","None","None",FALSE
1293,"humaniformat","get_",FALSE,"None","None","Invalid read of size 8 : human_getset.cpp : 5","None",FALSE
1294,"humaniformat","parse_names",TRUE,"None","None","58 bytes in 1 blocks are possibly lost in loss record 31 of 1,414 : human_parse.cpp : 62","None",FALSE
1295,"humanleague","integerise",FALSE,"None","None","65 bytes in 1 blocks are possibly lost in loss record 32 of 1,351 : rcpp_api.cpp : 382","None",FALSE
1296,"humanleague","prob2IntFreq",FALSE,"None","None","54 bytes in 1 blocks are possibly lost in loss record 26 of 1,352 : rcpp_api.cpp : 427","None",FALSE
1297,"humanleague","sobolSequence",FALSE,"None","None","None","None",FALSE
1298,"hutilscpp","EmptiestQuarter",FALSE,"None","None","None","None",FALSE
1299,"hutilscpp","do_cumsum_reset_sorted_int",FALSE,"None","None","None","None",FALSE
1300,"hutilscpp","do_divisible",FALSE,"None","None","None","None",FALSE
1301,"hutilscpp","do_divisible16",FALSE,"None","None","None","None",FALSE
1302,"hutilscpp","do_divisible2",FALSE,"None","None","None","None",FALSE
1303,"hutilscpp","do_duplicated_sorted_int",FALSE,"None","None","None","None",FALSE
1304,"hutilscpp","do_in_int",FALSE,"None","None","None","None",FALSE
1305,"hutilscpp","do_isntSorted_int",FALSE,"None","None","None","None",FALSE
1306,"hutilscpp","do_op2M",FALSE,"None","None","None","None",FALSE
1307,"hutilscpp","do_par_in",FALSE,"None","None","None","None",FALSE
1308,"hutilscpp","do_par_in_hash_int",FALSE,"None","None","None","None",FALSE
1309,"hutilscpp","do_pmax0_bitwise",FALSE,"None","None","None","None",FALSE
1310,"hutilscpp","do_pmin0_bitwise",FALSE,"None","None","None","None",FALSE
1311,"hutilscpp","do_range_dbl",FALSE,"None","None","None","None",FALSE
1312,"hutilscpp","do_range_int",FALSE,"None","None","None","None",FALSE
1313,"hutilscpp","do_which_first_xi_ini",FALSE,"None","None","None","None",FALSE
1314,"hutilscpp","do_which_in",FALSE,"None","None","None","None",FALSE
1315,"hutilscpp","do_which_last_xi_ad",FALSE,"None","None","None","None",FALSE
1316,"hutilscpp","do_which_last_xi_ai",FALSE,"None","None","None","None",FALSE
1317,"hutilscpp","do_which_last_xi_ini",FALSE,"None","None","None","None",FALSE
1318,"hutilscpp","do_which_last_xi_yi",FALSE,"None","None","None","None",FALSE
1319,"hutilscpp","do_whichs_16",FALSE,"None","None","None","None",FALSE
1320,"hutilscpp","extractMandatory",FALSE,"None","None","None","None",FALSE
1321,"hutilscpp","hausdorffEuclid",FALSE,"None","None","None","None",FALSE
1322,"hutilscpp","is_sorted_ascending_int",FALSE,"None","None","None","None",FALSE
1323,"hutilscpp","is_sorted_descending_int",FALSE,"None","None","None","None",FALSE
1324,"hutilscpp","is_sorted_int",FALSE,"None","None","None","None",FALSE
1325,"hutilscpp","is_space",FALSE,"None","None","None","None",FALSE
1326,"hutilscpp","max_charsize",FALSE,"None","None","None","None",FALSE
1327,"hutilscpp","sum_isna_char",FALSE,"None","None","None","None",FALSE
1328,"hutilscpp","sum_isna_int",FALSE,"None","None","None","None",FALSE
1329,"hutilscpp","test_intersect3_stdint",FALSE,"None","None","None","None",FALSE
1330,"hutilscpp","theEmptiestQuarters",FALSE,"None","None","Invalid read of size 8 : haversineDistance.cpp : 216","None",FALSE
1331,"hutilscpp","which_min_HaversineDistance",FALSE,"None","None","None","None",FALSE
1332,"robustSingleCell","jaccard_coeff",FALSE,"None","None","64 bytes in 1 blocks are possibly lost in loss record 32 of 1,352 : src/jaccard_coeff.cpp : 24","None",FALSE
1333,"iRF","nodeVars",FALSE,"None","None","Conditional jump or move depends on uninitialised value(s) : processNodes.cpp : 23","None",FALSE
1334,"ibmcraftr","stateT",FALSE,"None","None","67 bytes in 1 blocks are possibly lost in loss record 32 of 1,324 : stRCPP.cpp : 39","None",FALSE
1335,"ibs","bsbasesCpp",FALSE,"None","None","None","None",FALSE
1336,"ibs","bsplineCpp",FALSE,"None","None","Invalid read of size 8 : bsp.cpp : 9","None",FALSE
1337,"ibs","ibsCpp",FALSE,"None","None","Invalid read of size 8 : bsp.cpp : 55","None",FALSE
1338,"icRSF","bsplitC",FALSE,"None","None","Conditional jump or move depends on uninitialised value(s) : loglikhood2.cpp : 304","None",FALSE
1339,"icensmis","dmat",FALSE,"None","None","None","None",FALSE
1340,"icensmis","getrids",FALSE,"None","None","None","None",FALSE
1341,"icensmis","gradlikC",FALSE,"None","None","None","None",FALSE
1342,"icensmis","gradlikC0",FALSE,"None","None","None","None",FALSE
1343,"icRSF","gradlikCD",FALSE,"None","None","None","None",FALSE
1344,"icRSF","gradlikCD0",FALSE,"None","None","None","None",FALSE
1345,"icensmis","loglikC",FALSE,"None","None","None","None",FALSE
1346,"icensmis","loglikC0",FALSE,"None","None","None","None",FALSE
1347,"icRSF","loglikCD",FALSE,"None","None","None","None",FALSE
1348,"icRSF","loglikCD0",FALSE,"None","None","None","None",FALSE
1349,"icRSF","scorefun",FALSE,"None","None","None","None",FALSE
1350,"icRSF","scorefun0",FALSE,"None","None","None","None",FALSE
1351,"icRSF","splitpt",FALSE,"None","None","Conditional jump or move depends on uninitialised value(s) : loglikhood2.cpp : 304","None",FALSE
1352,"icensmis","timeMat",FALSE,"None","None","None","None",FALSE
1353,"icensmis","gamma_mean",FALSE,"None","None","None","None",FALSE
1354,"icensmis","gradlikA",FALSE,"None","None","Invalid read of size 8 : loglikA.cpp : 78","None",FALSE
1355,"icensmis","gradlikA0",FALSE,"None","None","None","None",FALSE
1356,"icensmis","gradlikB",FALSE,"None","None","None","None",FALSE
1357,"icensmis","gradlikB0",FALSE,"None","None","None","None",FALSE
1358,"icensmis","gradlikTA",FALSE,"None","None","Conditional jump or move depends on uninitialised value(s) : loglikA.cpp : 137","None",FALSE
1359,"icensmis","gradlikTB",FALSE,"None","None","Invalid read of size 8 : loglikB.cpp : 141","None",FALSE
1360,"icensmis","gradlik_lamb",FALSE,"None","None","None","None",FALSE
1361,"icensmis","gradlik_pw",FALSE,"None","None","None","None",FALSE
1362,"icensmis","loglikA",FALSE,"None","None","None","None",FALSE
1363,"icensmis","loglikA0",FALSE,"None","None","None","None",FALSE
1364,"icensmis","loglikB",FALSE,"None","None","Conditional jump or move depends on uninitialised value(s) : loglikB.cpp : 60","None",FALSE
1365,"icensmis","loglikB0",FALSE,"None","None","None","None",FALSE
1366,"icensmis","loglikTA",FALSE,"None","None","Invalid read of size 8 : loglikA.cpp : 108","None",FALSE
1367,"icensmis","loglikTB",FALSE,"None","None","Invalid read of size 8 : loglikB.cpp : 113","None",FALSE
1368,"icensmis","loglik_lamb",FALSE,"None","None","None","None",FALSE
1369,"icensmis","loglik_pw",FALSE,"None","None","None","None",FALSE
1370,"icensmis","matrixStandardize",FALSE,"None","None","None","None",FALSE
1371,"icensmis","powerdmat1",FALSE,"None","None","None","None",FALSE
1372,"icensmis","powerdmat2",FALSE,"None","None","None","None",FALSE
1373,"icensmis","powerdmat3",FALSE,"None","None","None","None",FALSE
1374,"icensmis","powerdmat4",FALSE,"None","None","None","None",FALSE
1375,"icosa","Aggregate_",FALSE,"None","None","None","None",FALSE
1376,"icosa","AllNeighboursTri_",FALSE,"None","None","53 bytes in 1 blocks are possibly lost in loss record 26 of 1,326 : RccpSource_.cpp : 525","None",FALSE
1377,"icosa","AllShapeTri_",FALSE,"None","None","None","None",FALSE
1378,"icosa","Collapse_",FALSE,"None","None","None","None",FALSE
1379,"icosa","CreateHexaSubfaces_",FALSE,"None","None","63 bytes in 1 blocks are possibly lost in loss record 32 of 1,323 : RccpSource_.cpp : 2479","None",FALSE
1380,"icosa","DirectNeighboursTri_",FALSE,"None","None","None","None",FALSE
1381,"icosa","EdgesFromPoints_",FALSE,"None","None","Invalid read of size 8 : RccpSource_.cpp : 1021","None",FALSE
1382,"icosa","EdgesToFaces_",FALSE,"None","None","Invalid read of size 4 : RccpSource_.cpp : 1177","None",FALSE
1383,"icosa","EvenInterpolation_",FALSE,"None","None","None","None",FALSE
1384,"icosa","ExpandBoundariesToCols_",FALSE,"None","None","None","None",FALSE
1385,"icosa","ExpandEdgesByFacesTri_",FALSE,"None","None","63 bytes in 1 blocks are possibly lost in loss record 32 of 1,264 : RccpSource_.cpp : 3024","None",FALSE
1386,"icosa","GreatCircle_",FALSE,"None","None","None","None",FALSE
1387,"icosa","HexaFaces_",FALSE,"None","None","42 bytes in 1 blocks are possibly lost in loss record 21 of 1,322 : RccpSource_.cpp : 2569","None",FALSE
1388,"icosa","IcosahedronTesselation_",FALSE,"None","None","None","None",FALSE
1389,"icosa","InverseWeightByFaceCenter_",FALSE,"None","None","63 bytes in 1 blocks are possibly lost in loss record 32 of 1,325 : RccpSource_.cpp : 2728","None",FALSE
1390,"icosa","NeighbourOfOneFace_",FALSE,"None","None","61 bytes in 1 blocks are possibly lost in loss record 31 of 1,321 : RccpSource_.cpp : 423","None",FALSE
1391,"icosa","OccupiedCellUpSampling_",FALSE,"None","None","62 bytes in 1 blocks are possibly lost in loss record 32 of 1,324 : RccpSource_.cpp : 2806","None",FALSE
1392,"icosa","Refine2d_",FALSE,"None","None","None","None",FALSE
1393,"icosa","RetrieveIndexMat_",FALSE,"None","None","53 bytes in 1 blocks are possibly lost in loss record 26 of 1,324 : RccpSource_.cpp : 2654","None",FALSE
1394,"icosa","ShapeTri_",FALSE,"None","None","None","None",FALSE
1395,"icosa","SizeEstimate_",FALSE,"None","None","None","None",FALSE
1396,"icosa","SphericalTriangleCenter_",FALSE,"None","None","None","None",FALSE
1397,"icosa","SphericalTriangleSurface_",FALSE,"None","None","None","None",FALSE
1398,"icosa","TriangleTesselation_",FALSE,"None","None","None","None",FALSE
1399,"icosa","allTriangleCenters_",FALSE,"None","None","63 bytes in 1 blocks are possibly lost in loss record 32 of 1,324 : RccpSource_.cpp : 2437","None",FALSE
1400,"icosa","centroidPoints_",FALSE,"None","None","63 bytes in 1 blocks are possibly lost in loss record 32 of 1,265 : RccpSource_.cpp : 3211","None",FALSE
1401,"icosa","edgeListFromNeighbours_",FALSE,"None","None","None","None",FALSE
1402,"icosa","edgeMatTri_",FALSE,"None","None","63 bytes in 1 blocks are possibly lost in loss record 32 of 1,323 : plottingMatrices.cpp : 17","None",FALSE
1403,"icosa","expandEdges_",FALSE,"None","None","None","None",FALSE
1404,"icosa","expandFacesToEdges_",FALSE,"None","None","None","None",FALSE
1405,"icosa","orderTriGrid_",FALSE,"None","None","None","None",FALSE
1406,"icosa","pointLayerColorOrder_",FALSE,"None","None","None","None",FALSE
1407,"icosa","projectCloseToPoint_",FALSE,"None","None","None","None",FALSE
1408,"icosa","spherTriSurfs",FALSE,"None","None","Conditional jump or move depends on uninitialised value(s) : RccpSource_.cpp : 237","None",FALSE
1409,"icosa","stl_sort",FALSE,"None","None","None","None",FALSE
1410,"icosa","surfConvHullTri",FALSE,"None","None","None","None",FALSE
1411,"icosa","triMatTri_",FALSE,"None","None","63 bytes in 1 blocks are possibly lost in loss record 32 of 1,323 : plottingMatrices.cpp : 40","None",FALSE
1412,"icosa","whichMinVector_",FALSE,"None","None","None","None",FALSE
1413,"icosa","xxxxyyyyzzzz_",FALSE,"None","None","Invalid read of size 8 : Rccp_coordinateFlattening.cpp : 35","None",FALSE
1414,"icosa","xyz1",FALSE,"None","None","None","None",FALSE
1415,"icosa","xyz1xyz1xyz1xyz1_",FALSE,"None","None","Invalid read of size 8 : Rccp_coordinateFlattening.cpp : 84","None",FALSE
1416,"idefix","det_cpp",FALSE,"None","None","65 bytes in 1 blocks are possibly lost in loss record 34 of 1,321 : det_cpp.cpp : 10","None",FALSE
1417,"imager","HSItoRGB",TRUE,"None","None","65 bytes in 1 blocks are possibly lost in loss record 32 of 1,322 : colourspace.cpp : 76","None",FALSE
1418,"imager","HSLtoRGB",TRUE,"None","None","65 bytes in 1 blocks are possibly lost in loss record 32 of 1,322 : colourspace.cpp : 38","None",FALSE
1419,"imager","HSVtoRGB",TRUE,"None","None","65 bytes in 1 blocks are possibly lost in loss record 32 of 1,322 : colourspace.cpp : 56","None",FALSE
1420,"imager","LabtoRGB",TRUE,"None","None","65 bytes in 1 blocks are possibly lost in loss record 32 of 1,322 : colourspace.cpp : 139","None",FALSE
1421,"imager","LabtoXYZ",TRUE,"None","None","65 bytes in 1 blocks are possibly lost in loss record 32 of 1,322 : colourspace.cpp : 157","None",FALSE
1422,"imager","LabtosRGB",TRUE,"None","None","65 bytes in 1 blocks are possibly lost in loss record 32 of 1,321 : colourspace.cpp : 175","None",FALSE
1423,"imager","RGBtoHSI",TRUE,"None","None","65 bytes in 1 blocks are possibly lost in loss record 32 of 1,322 : colourspace.cpp : 67","None",FALSE
1424,"imager","RGBtoHSL",TRUE,"None","None","65 bytes in 1 blocks are possibly lost in loss record 32 of 1,322 : colourspace.cpp : 10","None",FALSE
1425,"imager","RGBtoHSV",TRUE,"None","None","65 bytes in 1 blocks are possibly lost in loss record 32 of 1,322 : colourspace.cpp : 47","None",FALSE
1426,"imager","RGBtoLab",TRUE,"None","None","65 bytes in 1 blocks are possibly lost in loss record 32 of 1,322 : colourspace.cpp : 148","None",FALSE
1427,"imager","RGBtoXYZ",TRUE,"None","None","65 bytes in 1 blocks are possibly lost in loss record 32 of 1,321 : colourspace.cpp : 19","None",FALSE
1428,"imager","RGBtoYCbCr",TRUE,"None","None","65 bytes in 1 blocks are possibly lost in loss record 32 of 1,322 : colourspace.cpp : 103","None",FALSE
1429,"imager","RGBtoYUV",TRUE,"None","None","65 bytes in 1 blocks are possibly lost in loss record 32 of 1,322 : colourspace.cpp : 121","None",FALSE
1430,"imager","RGBtosRGB",TRUE,"None","None","65 bytes in 1 blocks are possibly lost in loss record 32 of 1,322 : colourspace.cpp : 85","None",FALSE
1431,"imager","XYZtoLab",TRUE,"None","None","65 bytes in 1 blocks are possibly lost in loss record 32 of 1,321 : colourspace.cpp : 166","None",FALSE
1432,"imager","XYZtoRGB",TRUE,"None","None","65 bytes in 1 blocks are possibly lost in loss record 32 of 1,322 : colourspace.cpp : 28","None",FALSE
1433,"imager","YCbCrtoRGB",TRUE,"None","None","65 bytes in 1 blocks are possibly lost in loss record 32 of 1,322 : colourspace.cpp : 112","None",FALSE
1434,"imager","YUVtoRGB",TRUE,"None","None","65 bytes in 1 blocks are possibly lost in loss record 32 of 1,322 : colourspace.cpp : 130","None",FALSE
1435,"imager","checkcoords",FALSE,"None","None","Conditional jump or move depends on uninitialised value(s) : utils.cpp : 305","None",FALSE
1436,"imager","dilate_rect",TRUE,"None","None","65 bytes in 1 blocks are possibly lost in loss record 32 of 1,321 : morphology.cpp : 204","None",FALSE
1437,"imager","dilate_square",TRUE,"None","None","65 bytes in 1 blocks are possibly lost in loss record 32 of 1,322 : morphology.cpp : 232","None",FALSE
1438,"imager","erode_rect",TRUE,"None","None","65 bytes in 1 blocks are possibly lost in loss record 32 of 1,322 : morphology.cpp : 114","None",FALSE
1439,"imager","erode_square",TRUE,"None","None","65 bytes in 1 blocks are possibly lost in loss record 32 of 1,322 : morphology.cpp : 144","None",FALSE
1440,"imager","extract_fast",FALSE,"None","None","65 bytes in 1 blocks are possibly lost in loss record 32 of 1,325 : utils.cpp : 124","None",FALSE
1441,"imager","extract_patches",TRUE,"None","None","65 bytes in 1 blocks are possibly lost in loss record 32 of 1,325 : utils.cpp : 179","None",FALSE
1442,"imager","extract_patches3D",TRUE,"None","None","65 bytes in 1 blocks are possibly lost in loss record 32 of 1,326 : utils.cpp : 219","None",FALSE
1443,"imager","getCc",FALSE,"None","None","94 bytes in 1 blocks are possibly lost in loss record 43 of 1,324 : coordinates.cpp : 34","None",FALSE
1444,"imager","getXc",FALSE,"None","None","94 bytes in 1 blocks are possibly lost in loss record 43 of 1,324 : coordinates.cpp : 10","None",FALSE
1445,"imager","getYc",FALSE,"None","None","94 bytes in 1 blocks are possibly lost in loss record 43 of 1,324 : coordinates.cpp : 18","None",FALSE
1446,"imager","getZc",FALSE,"None","None","94 bytes in 1 blocks are possibly lost in loss record 43 of 1,324 : coordinates.cpp : 26","None",FALSE
1447,"imager","hough_line_grad",FALSE,"None","None","65 bytes in 1 blocks are possibly lost in loss record 32 of 1,322 : hough.cpp : 37","None",FALSE
1448,"imager","imlap",TRUE,"None","None","65 bytes in 1 blocks are possibly lost in loss record 32 of 1,322 : filtering.cpp : 150","None",FALSE
1449,"imager","imshift",TRUE,"None","None","65 bytes in 1 blocks are possibly lost in loss record 32 of 1,322 : transformations.cpp : 194","None",FALSE
1450,"imager","mclosing_square",TRUE,"None","None","65 bytes in 1 blocks are possibly lost in loss record 32 of 1,321 : morphology.cpp : 378","None",FALSE
1451,"imager","mopening_square",TRUE,"None","None","65 bytes in 1 blocks are possibly lost in loss record 32 of 1,322 : morphology.cpp : 364","None",FALSE
1452,"imager","periodic_part",FALSE,"None","None","65 bytes in 1 blocks are possibly lost in loss record 32 of 1,322 : filtering.cpp : 469","None",FALSE
1453,"imager","resize_doubleXY",TRUE,"None","None","65 bytes in 1 blocks are possibly lost in loss record 32 of 1,322 : transformations.cpp : 123","None",FALSE
1454,"imager","resize_halfXY",TRUE,"None","None","65 bytes in 1 blocks are possibly lost in loss record 32 of 1,321 : transformations.cpp : 141","None",FALSE
1455,"imager","resize_tripleXY",TRUE,"None","None","65 bytes in 1 blocks are possibly lost in loss record 32 of 1,322 : transformations.cpp : 160","None",FALSE
1456,"imager","sRGBtoLab",TRUE,"None","None","65 bytes in 1 blocks are possibly lost in loss record 32 of 1,322 : colourspace.cpp : 184","None",FALSE
1457,"imager","sRGBtoRGB",TRUE,"None","None","65 bytes in 1 blocks are possibly lost in loss record 32 of 1,322 : colourspace.cpp : 94","None",FALSE
1458,"imager","select",FALSE,"None","None","65 bytes in 1 blocks are possibly lost in loss record 32 of 1,322 : display.cpp : 114","None",FALSE
1459,"imager","set_cimg_omp",FALSE,"None","None","None","None",FALSE
1460,"imagerExtra","ChanVese",FALSE,"None","None","None","None",FALSE
1461,"imagerExtra","ChanVeseInitPhi",FALSE,"None","None","None","None",FALSE
1462,"imagerExtra","ChanVeseInitPhi_Rect",FALSE,"None","None","None","None",FALSE
1463,"imagerExtra","DCT2D_reorder",FALSE,"None","None","None","None",FALSE
1464,"imagerExtra","DCTdenoising",FALSE,"None","None","50 bytes in 1 blocks are possibly lost in loss record 25 of 1,351 : src/DCT_denoising.cpp : 637","None",FALSE
1465,"imagerExtra","IDCT2D_retrievex",FALSE,"None","None","None","None",FALSE
1466,"imagerExtra","IDCT2D_toDFT",FALSE,"None","None","None","None",FALSE
1467,"imagerExtra","fuzzy_threshold",FALSE,"None","None","None","None",FALSE
1468,"imagerExtra","get_th_otsu",FALSE,"None","None","None","None",FALSE
1469,"imagerExtra","get_threshold_multilevel",FALSE,"None","None","None","None",FALSE
1470,"imagerExtra","make_density_multilevel",FALSE,"None","None","None","None",FALSE
1471,"imagerExtra","make_histogram_fuzzy",FALSE,"None","None","None","None",FALSE
1472,"imagerExtra","make_integral_density_multilevel",FALSE,"None","None","None","None",FALSE
1473,"imagerExtra","make_prob_otsu",FALSE,"None","None","None","None",FALSE
1474,"imagerExtra","piecewise_transformation",FALSE,"None","None","None","None",FALSE
1475,"imagerExtra","saturateim",FALSE,"None","None","None","None",FALSE
1476,"imagerExtra","screened_poisson_dct",FALSE,"None","None","None","None",FALSE
1477,"imagerExtra","threshold_adaptive",FALSE,"None","None","None","None",FALSE
1478,"imagerExtra","threshold_multilevel",FALSE,"None","None","None","None",FALSE
1479,"immer","immer_add_elements",FALSE,"None","None","None","None",FALSE
1480,"immer","immer_ccml_calc_item_intercepts",FALSE,"None","None","Invalid read of size 8 : src/immer_rcpp_ccml.cpp : 109","None",FALSE
1481,"immer","immer_ccml_gradient",FALSE,"None","None","Invalid read of size 8 : src/immer_rcpp_ccml.cpp : 140","None",FALSE
1482,"immer","immer_ccml_gradient_par",FALSE,"None","None","Invalid read of size 8 : src/immer_rcpp_ccml.cpp : 109","None",FALSE
1483,"immer","immer_ccml_opt_function",FALSE,"None","None","Invalid read of size 8 : src/immer_rcpp_ccml.cpp : 140","None",FALSE
1484,"immer","immer_ccml_opt_function_par",FALSE,"None","None","Invalid read of size 8 : src/immer_rcpp_ccml.cpp : 109","None",FALSE
1485,"immer","immer_ccml_probs",FALSE,"None","None","Invalid read of size 8 : src/immer_rcpp_ccml.cpp : 140","None",FALSE
1486,"immer","immer_ccml_probs_from_par",FALSE,"None","None","Invalid read of size 8 : src/immer_rcpp_ccml.cpp : 169","None",FALSE
1487,"immer","immer_ccml_se",FALSE,"None","None","None","None",FALSE
1488,"immer","immer_cml_extract_parmindex",FALSE,"None","None","None","None",FALSE
1489,"immer","immer_cml_splitvec",FALSE,"None","None","None","None",FALSE
1490,"immer","immer_cmml_derivative_designmatrix",FALSE,"None","None","None","None",FALSE
1491,"immer","immer_cmml_proc_generate_rho_index",FALSE,"None","None","None","None",FALSE
1492,"immer","immer_cmml_proc_generate_tau",FALSE,"None","None","None","None",FALSE
1493,"immer","immer_derivative_correlation",FALSE,"None","None","None","None",FALSE
1494,"immer","immer_gpcm_calc_probs",FALSE,"None","None","None","None",FALSE
1495,"immer","immer_gpcm_prob_one_item_one_person",FALSE,"None","None","None","None",FALSE
1496,"immer","immer_latent_regression_calc_individual_likelihood",FALSE,"None","None","None","None",FALSE
1497,"immer","immer_latent_regression_calc_individual_likelihood_increment",FALSE,"None","None","None","None",FALSE
1498,"immer","immer_latent_regression_calc_mu_sigma",FALSE,"None","None","None","None",FALSE
1499,"immer","immer_latent_regression_posterior",FALSE,"None","None","None","None",FALSE
1500,"immer","immer_latent_regression_prior_normal",FALSE,"None","None","None","None",FALSE
1501,"immer","immer_latent_regression_vcov_xpd",FALSE,"None","None","None","None",FALSE
1502,"immer","immer_logdnorm2_derivative",FALSE,"None","None","None","None",FALSE
1503,"immer","immer_sampling_xi",FALSE,"None","None","None","None",FALSE
1504,"immer","pbivnorm_drezner",FALSE,"None","None","None","None",FALSE
1505,"immer","pbivnorm_drezner_derivative",FALSE,"None","None","None","None",FALSE
1506,"immer","probs_gpcm_rcpp",FALSE,"None","None","None","None",FALSE
1507,"immer","probs_gpcm_testlet_rcpp",FALSE,"None","None","None","None",FALSE
1508,"immer","probs_hrm_rcpp",FALSE,"None","None","None","None",FALSE
1509,"immer","sample_prob_index",FALSE,"None","None","None","None",FALSE
1510,"immer","subimmer_probs_gpcm_rcpp",FALSE,"None","None","None","None",FALSE
1511,"immer","subimmer_probs_gpcm_testlet_rcpp",FALSE,"None","None","None","None",FALSE
1512,"immer","subimmer_probs_hrm_rcpp",FALSE,"None","None","None","None",FALSE
1513,"immer","subimmer_sample_prob_index",FALSE,"None","None","None","None",FALSE
1514,"immunarch","fill_reads",FALSE,"None","None","Invalid read of size 8 : fill_functions.cpp : 30","None",FALSE
1515,"immunarch","fill_vec",FALSE,"None","None","Invalid write of size 8 : fill_functions.cpp : 20","None",FALSE
1516,"imp4p","fast_apply_nb_na",FALSE,"None","None","None","None",FALSE
1517,"imp4p","fast_apply_nb_not_na",FALSE,"None","None","None","None",FALSE
1518,"imp4p","fast_apply_sd_na_rm_T",FALSE,"None","None","None","None",FALSE
1519,"imp4p","fast_apply_sum_na_rm_T",FALSE,"None","None","None","None",FALSE
1520,"imp4p","fast_sim",FALSE,"None","None","Conditional jump or move depends on uninitialised value(s) : fast_sim.cpp : 41","None",FALSE
1521,"intcensROC","falsePos",FALSE,"None","None","Invalid read of size 8 : jointDis.h : 45","None",FALSE
1522,"intcensROC","sieve",FALSE,"None","None","24 bytes in 1 blocks are definitely lost in loss record 19 of 1,334 : sieve.cpp : 57","None",FALSE
1523,"intcensROC","truePos",FALSE,"None","None","None","None",FALSE
1524,"interp","left",FALSE,"None","None","None","None",FALSE
1525,"interp","nearestNeighbours",FALSE,"None","None","None","None",FALSE
1526,"interp","on",FALSE,"None","None","None","None",FALSE
1527,"interp","shullDeltri",FALSE,"None","None","None","None",FALSE
1528,"interp","triFind",FALSE,"None","None","Invalid read of size 8 : shullDeltri.cpp : 385","None",FALSE
1529,"ipft","ipfEuclidean",FALSE,"None","None","Conditional jump or move depends on uninitialised value(s) : src/ipf.cpp : 54","None",FALSE
1530,"ipft","ipfLGD",FALSE,"None","None","None","None",FALSE
1531,"ipft","ipfManhattan",FALSE,"None","None","None","None",FALSE
1532,"ipft","ipfNormDistance",FALSE,"None","None","None","None",FALSE
1533,"ipft","ipfPLGD",FALSE,"None","None","None","None",FALSE
1534,"irt","avg_rank",FALSE,"None","None","None","None",FALSE
1535,"irt","integrate",FALSE,"None","None","None","None",FALSE
1536,"ivsacim","ivsacim_est",TRUE,"None","None","Conditional jump or move depends on uninitialised value(s) : ivsacim_est.cpp : 55","None",FALSE
1537,"ivtools","B_est1",FALSE,"None","None","Invalid read of size 8 : ivtools.cpp : 69","None",FALSE
1538,"jaccard","jaccard_mca_rcpp",FALSE,"None","None","Invalid read of size 8 : src/jaccard_mca_rcpp.cpp : 68","None",FALSE
1539,"jaccard","jaccard_mca_rcpp_known_p",FALSE,"None","None","Invalid read of size 8 : src/jaccard_mca_rcpp.cpp : 68","None",FALSE
1540,"jiebaR","cpp_ham_dist",FALSE,"None","None","21 bytes in 1 blocks are definitely lost in loss record 18 of 1,332 : util.cpp : 30","None",FALSE
1541,"jiebaR","cpp_ham_dist_mat",FALSE,"None","None","31 bytes in 1 blocks are possibly lost in loss record 19 of 1,330 : util.cpp : 48","None",FALSE
1542,"jiebaR","file_coding",TRUE,"None","None","None","None",FALSE
1543,"jiebaR","sim_ptr",FALSE,"None","None","None","None",FALSE
1544,"jiebaR","u64tobin",FALSE,"None","None","None","None",FALSE
1545,"jmotif","alphabet_to_cuts",TRUE,"None","None","None","None",FALSE
1546,"jmotif","early_abandoned_dist",TRUE,"None","None","None","None",FALSE
1547,"jmotif","euclidean_dist",TRUE,"None","None","None","None",FALSE
1548,"jmotif","find_discords_brute_force",TRUE,"None","None","Invalid read of size 1 : visit_registry.cpp : 54","None",FALSE
1549,"jmotif","find_discords_hotsax",TRUE,"None","None","Invalid read of size 8 : hot-sax.cpp : 163","None",FALSE
1550,"jmotif","find_discords_rra",TRUE,"None","None","62 bytes in 1 blocks are possibly lost in loss record 32 of 1,356 : rra.cpp : 326","None",FALSE
1551,"jmotif","idx_to_letter",TRUE,"None","None","Invalid read of size 1 : string.cpp : 17","None",FALSE
1552,"jmotif","is_equal_mindist",TRUE,"None","None","61 bytes in 1 blocks are possibly lost in loss record 32 of 1,357 : string.cpp : 77","None",FALSE
1553,"jmotif","is_equal_str",TRUE,"None","None","62 bytes in 1 blocks are possibly lost in loss record 32 of 1,359 : string.cpp : 60","None",FALSE
1554,"jmotif","letters_to_idx",TRUE,"None","None","None","None",FALSE
1555,"jmotif","manyseries_to_wordbag",TRUE,"None","None","62 bytes in 1 blocks are possibly lost in loss record 32 of 1,353 : sax-vsm.cpp : 86","None",FALSE
1556,"jmotif","paa",TRUE,"None","None","73 bytes in 1 blocks are possibly lost in loss record 35 of 1,351 : paa.cpp : 98","None",FALSE
1557,"jmotif","sax_by_chunking",TRUE,"None","None","None","None",FALSE
1558,"jmotif","sax_via_window",TRUE,"None","None","62 bytes in 1 blocks are possibly lost in loss record 32 of 1,355 : string.cpp : 61","None",FALSE
1559,"jmotif","series_to_chars",TRUE,"None","None","None","None",FALSE
1560,"jmotif","series_to_string",TRUE,"None","None","None","None",FALSE
1561,"jmotif","series_to_wordbag",TRUE,"None","None","62 bytes in 1 blocks are possibly lost in loss record 32 of 1,354 : sax-vsm.cpp : 29","None",FALSE
1562,"jmotif","str_to_repair_grammar",TRUE,"None","None","62 bytes in 1 blocks are possibly lost in loss record 32 of 1,355 : repair.cpp : 521","None",FALSE
1563,"jmotif","subseries",TRUE,"None","None","None","None",FALSE
1564,"jmotif","znorm",TRUE,"None","None","None","None",FALSE
1565,"kcpRS","getScatterMatrix",FALSE,"None","None","None","None",FALSE
1566,"kmer","kdist",FALSE,"None","None","None","None",FALSE
1567,"krige","k_chol",FALSE,"None","None","None","None",FALSE
1568,"krige","k_chol2inv",FALSE,"None","None","None","None",FALSE
1569,"krige","k_distmat",FALSE,"None","None","None","None",FALSE
1570,"krige","k_eigenvalue",FALSE,"None","None","None","None",FALSE
1571,"krige","k_inv",FALSE,"None","None","None","None",FALSE
1572,"ksNN","rcpp_ksNN",TRUE,"None","None","Invalid read of size 8 : rcpp_ksNN.cpp : 53","None",FALSE
1573,"landscapeR","assignValues_cpp",FALSE,"None","None","Invalid write of size 8 : hidden.cpp : 46","None",FALSE
1574,"landscapeR","contigCells_cpp",FALSE,"None","None","None","None",FALSE
1575,"landscapeR","indexTranspose_cpp",FALSE,"None","None","None","None",FALSE
1576,"lclGWAS","alphaEst",FALSE,"None","None","None","None",FALSE
1577,"lclGWAS","betaEst",FALSE,"None","None","56 bytes in 1 blocks are definitely lost in loss record 31 of 1,329 : betaEst.cpp : 39","None",FALSE
1578,"lclGWAS","varEst",FALSE,"None","None","28 bytes in 1 blocks are definitely lost in loss record 19 of 1,329 : varEst.cpp : 41","None",FALSE
1579,"lcopula","marginCombo",FALSE,"None","None","None","None",FALSE
1580,"ldsr","KGE",TRUE,"None","None","None","None",FALSE
1581,"ldsr","NSE",TRUE,"None","None","None","None",FALSE
1582,"ldsr","RE",TRUE,"None","None","Invalid read of size 8 : utils.cpp : 94","None",FALSE
1583,"ldsr","corr",FALSE,"None","None","None","None",FALSE
1584,"ldsr","nRMSE",TRUE,"None","None","Conditional jump or move depends on uninitialised value(s) : utils.cpp : 37","None",FALSE
1585,"libstableR","stable_cdf",TRUE,"None","None","None","None",FALSE
1586,"libstableR","stable_fit_init",TRUE,"None","None","None","None",FALSE
1587,"libstableR","stable_fit_koutrouvelis",TRUE,"None","None","None","None",FALSE
1588,"libstableR","stable_fit_mle",TRUE,"None","None","None","None",FALSE
1589,"libstableR","stable_fit_mle2d",TRUE,"None","None","None","None",FALSE
1590,"libstableR","stable_pdf",TRUE,"None","None","None","None",FALSE
1591,"libstableR","stable_q",TRUE,"None","None","None","None",FALSE
1592,"libstableR","stable_rnd",TRUE,"None","None","None","None",FALSE
1593,"lifecontingencies","fAExnCpp",FALSE,"None","None","None","None",FALSE
1594,"lifecontingencies","fAxnCpp",FALSE,"None","None","None","None",FALSE
1595,"lifecontingencies","fDAxnCpp",FALSE,"None","None","None","None",FALSE
1596,"lifecontingencies","fExnCpp",FALSE,"None","None","None","None",FALSE
1597,"lifecontingencies","fIAxnCpp",FALSE,"None","None","None","None",FALSE
1598,"lifecontingencies","mult2sum",FALSE,"None","None","Invalid read of size 8 : lifecontingenciesRcpp.cpp : 27","None",FALSE
1599,"lifecontingencies","mult3sum",FALSE,"None","None","Invalid read of size 8 : lifecontingenciesRcpp.cpp : 14","None",FALSE
1600,"linearQ","mStat",FALSE,"None","None","Use of uninitialised value of size 8 : mstat.cpp : 100","None",FALSE
1601,"lpirfs","hp_filter",FALSE,"None","None","136 bytes in 1 blocks are possibly lost in loss record 51 of 1,320 : hp_filter.cpp : 56","None",FALSE
1602,"lpirfs","newey_west",FALSE,"None","None","68 bytes in 1 blocks are definitely lost in loss record 34 of 1,326 : newey_west.cpp : 37","None",FALSE
1603,"lpirfs","newey_west_pw",FALSE,"None","None","67 bytes in 1 blocks are definitely lost in loss record 34 of 1,327 : newey_west_pw.cpp : 76","None",FALSE
1604,"lpirfs","newey_west_tsls",FALSE,"None","None","92 bytes in 1 blocks are possibly lost in loss record 45 of 1,325 : newey_west_tsls.cpp : 38","None",FALSE
1605,"lpirfs","ols_diagnost",FALSE,"None","None","68 bytes in 1 blocks are definitely lost in loss record 34 of 1,323 : ols_diagnost.cpp : 60","None",FALSE
1606,"lpirfs","var_one",FALSE,"None","None","79 bytes in 1 blocks are possibly lost in loss record 37 of 1,323 : var_one.cpp : 36","None",FALSE
1607,"lsbclust","AssignCluster",FALSE,"None","None","None","None",FALSE
1608,"lsbclust","ClustMeans",FALSE,"None","None","None","None",FALSE
1609,"lsbclust","ComputeMeans",FALSE,"None","None","None","None",FALSE
1610,"lsbclust","KMeansW",FALSE,"None","None","None","None",FALSE
1611,"lsbclust","LossMat",FALSE,"None","None","None","None",FALSE
1612,"lutz","timezone_lookup_coords_rcpp",FALSE,"None","None","None","None",FALSE
1613,"metacart","compute_re_Q_",FALSE,"None","None","Invalid read of size 8 : src/compute_re_Q_.cpp : 39","None",FALSE
1614,"metacart","compute_tau_",FALSE,"None","None","Invalid read of size 8 : src/Compute_tau_.cpp : 54","None",FALSE
1615,"metadynminer3d","fe3d",FALSE,"None","None","Invalid read of size 8 : src/mm.cpp : 1085","None",FALSE
1616,"metadynminer3d","fe3dp1",FALSE,"None","None","Invalid read of size 8 : src/mm.cpp : 1103","None",FALSE
1617,"metadynminer3d","fe3dp12",FALSE,"None","None","None","None",FALSE
1618,"metadynminer3d","fe3dp123",FALSE,"None","None","Invalid read of size 8 : src/mm.cpp : 1229","None",FALSE
1619,"metadynminer3d","fe3dp13",FALSE,"None","None","None","None",FALSE
1620,"metadynminer3d","fe3dp2",FALSE,"None","None","None","None",FALSE
1621,"metadynminer3d","fe3dp23",FALSE,"None","None","None","None",FALSE
1622,"metadynminer3d","fe3dp3",FALSE,"None","None","None","None",FALSE
1623,"metadynminer3d","hills3d1",FALSE,"None","None","None","None",FALSE
1624,"metadynminer3d","hills3d1p1",FALSE,"None","None","Argument 'size' of function __builtin_vec_new has a fishy (possibly negative) value: -1
 : src/mm.cpp : 95","None",FALSE
1625,"metadynminer3d","hills3d1p12",FALSE,"None","None","Argument 'size' of function __builtin_vec_new has a fishy (possibly negative) value: -1
 : src/mm.cpp : 350","None",FALSE
1626,"metadynminer3d","hills3d1p123",FALSE,"None","None","None","None",FALSE
1627,"metadynminer3d","hills3d1p13",FALSE,"None","None","Argument 'size' of function __builtin_vec_new has a fishy (possibly negative) value: -1
 : src/mm.cpp : 435","None",FALSE
1628,"metadynminer3d","hills3d1p2",FALSE,"None","None","None","None",FALSE
1629,"metadynminer3d","hills3d1p23",FALSE,"None","None","None","None",FALSE
1630,"metadynminer3d","hills3d1p3",FALSE,"None","None","None","None",FALSE
1631,"metadynminer3d","hills3d2",FALSE,"None","None","Argument 'size' of function __builtin_vec_new has a fishy (possibly negative) value: -1
 : src/mm.cpp : 690","None",FALSE
1632,"metadynminer3d","hills3d2p1",FALSE,"None","None","None","None",FALSE
1633,"metadynminer3d","hills3d2p12",FALSE,"None","None","Argument 'size' of function __builtin_vec_new has a fishy (possibly negative) value: -1
 : src/mm.cpp : 880","None",FALSE
1634,"metadynminer3d","hills3d2p123",FALSE,"None","None","Argument 'size' of function __builtin_vec_new has a fishy (possibly negative) value: -1
 : src/mm.cpp : 1030","None",FALSE
1635,"metadynminer3d","hills3d2p13",FALSE,"None","None","None","None",FALSE
1636,"metadynminer3d","hills3d2p2",FALSE,"None","None","Argument 'size' of function __builtin_vec_new has a fishy (possibly negative) value: -1
 : src/mm.cpp : 784","None",FALSE
1637,"metadynminer3d","hills3d2p23",FALSE,"None","None","Argument 'size' of function __builtin_vec_new has a fishy (possibly negative) value: -1
 : src/mm.cpp : 980","None",FALSE
1638,"metadynminer3d","hills3d2p3",FALSE,"None","None","Argument 'size' of function __builtin_vec_new has a fishy (possibly negative) value: -1
 : src/mm.cpp : 832","None",FALSE
1639,"meteoland","PenmanMonteithPET",FALSE,"None","None","None","None",FALSE
1640,"meteoland","PenmanMonteithPETPointSeries",FALSE,"None","None","None","None",FALSE
1641,"meteoland","RDay",FALSE,"None","None","None","None",FALSE
1642,"meteoland","RpotDay",FALSE,"None","None","None","None",FALSE
1643,"meteoland","airDensity",FALSE,"None","None","None","None",FALSE
1644,"meteoland","aspect",FALSE,"None","None","None","None",FALSE
1645,"meteoland","atmosphericPressure",FALSE,"None","None","None","None",FALSE
1646,"meteoland","averageDailyVapourPressure",FALSE,"None","None","None","None",FALSE
1647,"meteoland","averageDaylightTemperature",FALSE,"None","None","None","None",FALSE
1648,"meteoland","dailyEquilibriumPET",FALSE,"None","None","None","None",FALSE
1649,"meteoland","dateStringToJulianDays",FALSE,"None","None","None","None",FALSE
1650,"meteoland","daylength",FALSE,"None","None","None","None",FALSE
1651,"meteoland","daylengthseconds",FALSE,"None","None","None","None",FALSE
1652,"meteoland","dewpointTemperatureFromRH",FALSE,"None","None","None","None",FALSE
1653,"meteoland","getWindFieldIndexAndFactor",FALSE,"None","None","None","None",FALSE
1654,"meteoland","interpolatePrecipitationEventSeriesPoints",FALSE,"None","None","None","None",FALSE
1655,"meteoland","interpolatePrecipitationPoints",FALSE,"None","None","None","None",FALSE
1656,"meteoland","interpolatePrecipitationSeriesPoints",FALSE,"None","None","None","None",FALSE
1657,"meteoland","interpolateTdewPoints",FALSE,"None","None","None","None",FALSE
1658,"meteoland","interpolateTdewSeriesPoints",FALSE,"None","None","None","None",FALSE
1659,"meteoland","interpolateTemperaturePoints",FALSE,"None","None","None","None",FALSE
1660,"meteoland","interpolateTemperatureSeriesPoints",FALSE,"None","None","None","None",FALSE
1661,"meteoland","interpolateWindStationPoints",FALSE,"None","None","None","None",FALSE
1662,"meteoland","interpolateWindStationSeriesPoints",FALSE,"None","None","None","None",FALSE
1663,"meteoland","julianDay",FALSE,"None","None","None","None",FALSE
1664,"meteoland","latentHeatVaporisation",FALSE,"None","None","None","None",FALSE
1665,"meteoland","latentHeatVaporisationMol",FALSE,"None","None","None","None",FALSE
1666,"meteoland","netRadiation",FALSE,"None","None","None","None",FALSE
1667,"meteoland","outgoingLongwaveRadiation",FALSE,"None","None","None","None",FALSE
1668,"meteoland","potentialRadiationPoints",FALSE,"None","None","None","None",FALSE
1669,"meteoland","potentialRadiationSeries",FALSE,"None","None","None","None",FALSE
1670,"meteoland","pseudoRainfall",FALSE,"None","None","None","None",FALSE
1671,"meteoland","psychrometricConstant",FALSE,"None","None","None","None",FALSE
1672,"meteoland","radiationPoints",FALSE,"None","None","None","None",FALSE
1673,"meteoland","radiationSeries",FALSE,"None","None","None","None",FALSE
1674,"meteoland","relativeHumidityFromDewpointTemp",FALSE,"None","None","None","None",FALSE
1675,"meteoland","relativeHumidityFromMinMaxTemp",FALSE,"None","None","None","None",FALSE
1676,"meteoland","saturationVaporPressureCurveSlope",FALSE,"None","None","None","None",FALSE
1677,"meteoland","saturationVapourPressure",FALSE,"None","None","None","None",FALSE
1678,"meteoland","skyLongwaveRadiation",FALSE,"None","None","None","None",FALSE
1679,"meteoland","slope",FALSE,"None","None","None","None",FALSE
1680,"meteoland","solarConstant",FALSE,"None","None","None","None",FALSE
1681,"meteoland","solarDeclination",FALSE,"None","None","None","None",FALSE
1682,"meteoland","solarElevation",FALSE,"None","None","None","None",FALSE
1683,"meteoland","sunRiseSet",FALSE,"None","None","None","None",FALSE
1684,"meteoland","temp2SVP",FALSE,"None","None","None","None",FALSE
1685,"meteoland","vapourPressureFromRH",FALSE,"None","None","None","None",FALSE
1686,"mixR","EXgamma_C",FALSE,"None","None","59 bytes in 1 blocks are possibly lost in loss record 31 of 1,350 : mixCpp.cpp : 692","None",FALSE
1687,"mixR","EXlnorm_C",FALSE,"None","None","44 bytes in 1 blocks are possibly lost in loss record 22 of 1,352 : mixCpp.cpp : 1269","None",FALSE
1688,"mixR","EXweib_C",FALSE,"None","None","None","None",FALSE
1689,"mixR","TXgamma_C",FALSE,"None","None","59 bytes in 1 blocks are possibly lost in loss record 31 of 1,354 : mixCpp.cpp : 709","None",FALSE
1690,"mixR","TXlnorm_C",FALSE,"None","None","59 bytes in 1 blocks are possibly lost in loss record 31 of 1,354 : mixCpp.cpp : 1283","None",FALSE
1691,"mixR","TXweib_C",FALSE,"None","None","59 bytes in 1 blocks are possibly lost in loss record 31 of 1,351 : mixCpp.cpp : 1051","None",FALSE
1692,"mixR","egamma_trunc",FALSE,"None","None","None","None",FALSE
1693,"mixR","elnorm_trunc",FALSE,"None","None","None","None",FALSE
1694,"mixR","enorm_trunc",FALSE,"None","None","None","None",FALSE
1695,"mixR","eweib_trunc",FALSE,"None","None","None","None",FALSE
1696,"mixR","exnorm",FALSE,"None","None","44 bytes in 1 blocks are possibly lost in loss record 22 of 1,353 : mixCpp.cpp : 337","None",FALSE
1697,"mixR","expZ_gamma_C",FALSE,"None","None","42 bytes in 1 blocks are possibly lost in loss record 21 of 1,354 : mixCpp.cpp : 485","None",FALSE
1698,"mixR","expZ_lnorm_C",FALSE,"None","None","44 bytes in 1 blocks are possibly lost in loss record 22 of 1,355 : mixCpp.cpp : 1148","None",FALSE
1699,"mixR","expZ_norm_C",FALSE,"None","None","None","None",FALSE
1700,"mixR","expZ_weib_C",FALSE,"None","None","42 bytes in 1 blocks are possibly lost in loss record 21 of 1,354 : mixCpp.cpp : 810","None",FALSE
1701,"mixR","g_weib",FALSE,"None","None","None","None",FALSE
1702,"mixR","gamma_bisection_C",FALSE,"None","None","None","None",FALSE
1703,"mixR","lnorm_C",FALSE,"None","None","42 bytes in 1 blocks are possibly lost in loss record 21 of 1,351 : mixCpp.cpp : 1148","None",FALSE
1704,"mixR","lnorm_g_C",FALSE,"None","None","Invalid read of size 8 : mixCpp.cpp : 1172","None",FALSE
1705,"mixR","loglik_gamma_C",FALSE,"None","None","None","None",FALSE
1706,"mixR","loglik_gamma_g_C",FALSE,"None","None","44 bytes in 1 blocks are possibly lost in loss record 22 of 1,354 : mixCpp.cpp : 726","None",FALSE
1707,"mixR","loglik_lnorm_C",FALSE,"None","None","42 bytes in 1 blocks are possibly lost in loss record 21 of 1,354 : mixCpp.cpp : 1165","None",FALSE
1708,"mixR","loglik_lnorm_g_C",FALSE,"None","None","None","None",FALSE
1709,"mixR","loglik_norm_C",FALSE,"None","None","None","None",FALSE
1710,"mixR","loglik_norm_gC",FALSE,"None","None","None","None",FALSE
1711,"mixR","loglik_weib_C",FALSE,"None","None","44 bytes in 1 blocks are possibly lost in loss record 22 of 1,354 : mixCpp.cpp : 828","None",FALSE
1712,"mixR","loglik_weib_g_C",FALSE,"None","None","44 bytes in 1 blocks are possibly lost in loss record 22 of 1,355 : mixCpp.cpp : 1068","None",FALSE
1713,"mixR","newton_weib_C",FALSE,"None","None","Conditional jump or move depends on uninitialised value(s) : mixCpp.cpp : 867","None",FALSE
1714,"mixR","norm_ev",FALSE,"None","None","44 bytes in 1 blocks are possibly lost in loss record 22 of 1,359 : mixCpp.cpp : 78","None",FALSE
1715,"mixR","norm_ev_g",FALSE,"None","None","None","None",FALSE
1716,"mixR","norm_uv",FALSE,"None","None","None","None",FALSE
1717,"mixR","norm_uv_g",FALSE,"None","None","None","None",FALSE
1718,"mixR","rcmean",FALSE,"None","None","None","None",FALSE
1719,"mixR","rcsum",FALSE,"None","None","None","None",FALSE
1720,"mixR","to_alpha_lambda_gamma_C",FALSE,"None","None","None","None",FALSE
1721,"mixR","to_k_lambda_weib_C",FALSE,"None","None","None","None",FALSE
1722,"mixR","to_mu_sd_gamma_C",FALSE,"None","None","None","None",FALSE
1723,"mixR","to_mu_sd_weib_C",FALSE,"None","None","None","None",FALSE
1724,"mixR","txnorm",FALSE,"None","None","None","None",FALSE
1725,"mixR","weib_bisection_C",FALSE,"None","None","None","None",FALSE
1726,"mlr3proba","c_get_unique_times",FALSE,"None","None","None","None",FALSE
1727,"mlr3proba","c_score_graf_schmid",FALSE,"None","None","Conditional jump or move depends on uninitialised value(s) : src/survival_scores.cpp : 91","None",FALSE
1728,"mlr3proba","c_score_intslogloss",FALSE,"None","None","None","None",FALSE
1729,"mlr3proba","c_weight_survival_score",FALSE,"None","None","None","None",FALSE
1730,"mmsample","ruler",FALSE,"None","None","None","None",FALSE
1731,"mnlfa","mnlfa_rcpp_mstep_trait_unidim",FALSE,"None","None","None","None",FALSE
1732,"mnlfa","mnlfa_rcpp_plogis",FALSE,"None","None","None","None",FALSE
1733,"mobsim","rThomas_rcpp",FALSE,"None","None","None","None",FALSE
1734,"mobsim","sSAC1_C",FALSE,"None","None","1,248 bytes in 1 blocks are definitely lost in loss record 186 of 1,350 : src/SAC_spatial.cpp : 37","None",FALSE
1735,"mosum","bootstrapped_timeSeries",FALSE,"None","None","Invalid read of size 8 : src/bootstrap.cpp : 82","None",FALSE
1736,"mosum","get_k_star",FALSE,"None","None","None","None",FALSE
1737,"mosum","mean_help",FALSE,"None","None","Invalid read of size 8 : src/bootstrap.cpp : 13","None",FALSE
1738,"mosum","setBitNumber",FALSE,"None","None","None","None",FALSE
1739,"mousetrap","cleanAngles",FALSE,"None","None","None","None",FALSE
1740,"mousetrap","computeNorm",FALSE,"None","None","None","None",FALSE
1741,"mousetrap","distMat",FALSE,"None","None","None","None",FALSE
1742,"mousetrap","distMat3d",FALSE,"None","None","Conditional jump or move depends on uninitialised value(s) : src/distMat.cpp : 128","None",FALSE
1743,"mousetrap","distMat3dV",FALSE,"None","None","None","None",FALSE
1744,"mousetrap","distMatV",FALSE,"None","None","None","None",FALSE
1745,"mousetrap","getAngleP",FALSE,"None","None","None","None",FALSE
1746,"mousetrap","getAngleV",FALSE,"None","None","None","None",FALSE
1747,"mousetrap","getAnglesP",FALSE,"None","None","None","None",FALSE
1748,"mousetrap","getAnglesV",FALSE,"None","None","None","None",FALSE
1749,"mousetrap","getLength",FALSE,"None","None","None","None",FALSE
1750,"mousetrap","getLength3d",FALSE,"None","None","None","None",FALSE
1751,"mousetrap","getLengths",FALSE,"None","None","None","None",FALSE
1752,"mousetrap","getLengths3d",FALSE,"None","None","None","None",FALSE
1753,"mousetrap","getVelocities",FALSE,"None","None","None","None",FALSE
1754,"mousetrap","getVelocities3d",FALSE,"None","None","None","None",FALSE
1755,"mousetrap","getVelocity",FALSE,"None","None","None","None",FALSE
1756,"mousetrap","getVelocity3d",FALSE,"None","None","None","None",FALSE
1757,"mousetrap","getlast",FALSE,"None","None","None","None",FALSE
1758,"mousetrap","moments_mat",FALSE,"None","None","None","None",FALSE
1759,"mousetrap","sd_mat",FALSE,"None","None","None","None",FALSE
1760,"mousetrap","select_max",FALSE,"None","None","None","None",FALSE
1761,"mousetrap","spatialize",FALSE,"None","None","None","None",FALSE
1762,"mousetrap","spatialize3d",FALSE,"None","None","None","None",FALSE
1763,"mousetrap","spatialize4d",FALSE,"None","None","None","None",FALSE
1764,"mousetrap","spatializeArray",FALSE,"None","None","None","None",FALSE
1765,"mousetrap","spatializeArray3d",FALSE,"None","None","None","None",FALSE
1766,"mousetrap","spatializeArrayToLong",FALSE,"None","None","None","None",FALSE
1767,"mousetrap","spatializeArrayToLong3d",FALSE,"None","None","None","None",FALSE
1768,"mousetrap","spatializeArrayToLong4d",FALSE,"None","None","None","None",FALSE
1769,"multbxxc","match_ij",FALSE,"None","None","None","None",FALSE
1770,"multdyn","dlmLplCpp",TRUE,"None","None","56 bytes in 1 blocks are possibly lost in loss record 31 of 1,347 : dlmlpl.cpp : 85","None",FALSE
1771,"multicool","BellC",FALSE,"None","None","None","None",FALSE
1772,"multicool","Stirling2C",FALSE,"None","None","None","None",FALSE
1773,"multicool","generateCompositions",FALSE,"None","None","None","None",FALSE
1774,"nandb","cross_var_Cpp",FALSE,"None","None","Conditional jump or move depends on uninitialised value(s) : cross_var.cpp : 6","None",FALSE
1775,"nandb","cross_var_pillars_Cpp",FALSE,"None","None","65 bytes in 1 blocks are possibly lost in loss record 32 of 1,323 : cross_var.cpp : 12","None",FALSE
1776,"nandb","spread_specific_helper",FALSE,"None","None","Conditional jump or move depends on uninitialised value(s) : utils.cpp : 30","None",FALSE
1777,"nandb","which_interval_",FALSE,"None","None","None","None",FALSE
1778,"nmixgof","pbinsum",FALSE,"None","None","None","None",FALSE
1779,"nmixgof","pbinsumRow",FALSE,"None","None","Conditional jump or move depends on uninitialised value(s) : src/pbinsum.cpp : 22","None",FALSE
1780,"oce","bilinearInterp",FALSE,"None","None","None","None",FALSE
1781,"oce","do_ad2cp_ahrs",FALSE,"None","None","None","None",FALSE
1782,"oce","do_adv_vector_time",FALSE,"None","None","None","None",FALSE
1783,"oce","do_approx3d",FALSE,"None","None","Invalid read of size 8 : src/approx.cpp : 43","None",FALSE
1784,"oce","do_curl1",FALSE,"None","None","None","None",FALSE
1785,"oce","do_curl2",FALSE,"None","None","None","None",FALSE
1786,"oce","do_epic_time_to_ymdhms",FALSE,"None","None","Conditional jump or move depends on uninitialised value(s) : src/time.cpp : 41","None",FALSE
1787,"oce","do_fill_gap_1d",FALSE,"None","None","None","None",FALSE
1788,"oce","do_geod_xy",FALSE,"None","None","None","None",FALSE
1789,"oce","do_geod_xy_inverse",FALSE,"None","None","None","None",FALSE
1790,"oce","do_geoddist",FALSE,"None","None","None","None",FALSE
1791,"oce","do_geoddist_alongpath",FALSE,"None","None","None","None",FALSE
1792,"oce","do_gradient",FALSE,"None","None","None","None",FALSE
1793,"oce","do_interp_barnes",FALSE,"None","None","None","None",FALSE
1794,"oce","do_landsat_numeric_to_bytes",FALSE,"None","None","None","None",FALSE
1795,"oce","do_ldc_ad2cp_in_file",FALSE,"None","None","42 bytes in 1 blocks are possibly lost in loss record 21 of 1,353 : src/ldc_ad2cp_in_file.cpp : 125","None",FALSE
1796,"oce","do_matrix_smooth",FALSE,"None","None","None","None",FALSE
1797,"oce","do_oceApprox",FALSE,"None","None","None","None",FALSE
1798,"oce","do_oce_convolve",FALSE,"None","None","Invalid write of size 8 : src/oce_convolve.cpp : 22","None",FALSE
1799,"oce","do_oce_filter",FALSE,"None","None","None","None",FALSE
1800,"oce","do_runlm",FALSE,"None","None","None","None",FALSE
1801,"oce","do_sfm_enu",FALSE,"None","None","Invalid read of size 8 : src/sfm_enu.cpp : 49","None",FALSE
1802,"oce","do_trap",FALSE,"None","None","None","None",FALSE
1803,"oce","trim_ts",FALSE,"None","None","None","None",FALSE
1804,"offlineChange","OrderKmeansCpp",FALSE,"None","None","80 bytes in 1 blocks are possibly lost in loss record 41 of 1,351 : min_wgss.cpp : 197","None",FALSE
1805,"olctools","decode_olc",TRUE,"None","None","21 bytes in 1 blocks are definitely lost in loss record 17 of 1,365 : coders.cpp : 269","None",FALSE
1806,"olctools","encode_olc",TRUE,"None","None","31 bytes in 1 blocks are definitely lost in loss record 19 of 1,354 : validate.cpp : 179","None",FALSE
1807,"olctools","recover_olc",TRUE,"None","None","31 bytes in 1 blocks are definitely lost in loss record 19 of 1,360 : validate.cpp : 179","None",FALSE
1808,"olctools","shorten_olc",TRUE,"None","None","31 bytes in 1 blocks are definitely lost in loss record 19 of 1,362 : validate.cpp : 179","None",FALSE
1809,"olctools","validate_full",TRUE,"None","None","None","None",FALSE
1810,"olctools","validate_olc",TRUE,"None","None","None","None",FALSE
1811,"olctools","validate_short",TRUE,"None","None","None","None",FALSE
1812,"openxlsx","buildCellList",FALSE,"None","None","Invalid read of size 4 : write_data.cpp : 230","None",FALSE
1813,"openxlsx","buildCellTypes",FALSE,"None","None","None","None",FALSE
1814,"openxlsx","buildMatrixMixed",FALSE,"None","None","None","None",FALSE
1815,"openxlsx","buildMatrixNumeric",FALSE,"None","None","None","None",FALSE
1816,"openxlsx","build_cell_types_integer",FALSE,"None","None","None","None",FALSE
1817,"openxlsx","convert_from_excel_ref",FALSE,"None","None","None","None",FALSE
1818,"openxlsx","int_2_cell_ref",FALSE,"None","None","None","None",FALSE
1819,"openxlsx","isInternalHyperlink",FALSE,"None","None","None","None",FALSE
1820,"openxlsx","map_cell_types_to_char",FALSE,"None","None","None","None",FALSE
1821,"openxlsx","map_cell_types_to_integer",FALSE,"None","None","None","None",FALSE
1822,"openxlsx","matrixRowInds",FALSE,"None","None","None","None",FALSE
1823,"padr","round_down_core",FALSE,"None","None","None","None",FALSE
1824,"padr","round_down_core_prev",FALSE,"None","None","None","None",FALSE
1825,"padr","round_up_core",FALSE,"None","None","Invalid read of size 4 : round_up_core.cpp : 18","None",FALSE
1826,"padr","round_up_core_prev",FALSE,"None","None","None","None",FALSE
1827,"particles","angle_diff",FALSE,"None","None","None","None",FALSE
1828,"particles","bilinear",FALSE,"None","None","None","None",FALSE
1829,"particles","collision",FALSE,"None","None","864 bytes in 9 blocks are definitely lost in loss record 167 of 1,350 : src/collision.cpp : 14","None",FALSE
1830,"particles","nbody",FALSE,"None","None","672 bytes in 7 blocks are definitely lost in loss record 151 of 1,349 : src/nbody.cpp : 14","None",FALSE
1831,"particles","points_to_lines",FALSE,"None","None","None","None",FALSE
1832,"parzer","pz_hemisphere",FALSE,"None","None","None","None",FALSE
1833,"parzer","pz_parse_lat",FALSE,"None","None","None","None",FALSE
1834,"parzer","pz_parse_lon",FALSE,"None","None","None","None",FALSE
1835,"parzer","pz_parse_parts_lat",FALSE,"None","None","None","None",FALSE
1836,"parzer","pz_parse_parts_lon",FALSE,"None","None","None","None",FALSE
1837,"pcIRT","gamfunk",FALSE,"None","None","60 bytes in 1 blocks are possibly lost in loss record 31 of 1,350 : src/gamfunk.cpp : 20","None",FALSE
1838,"phylobase","all_naC",FALSE,"None","None","None","None",FALSE
1839,"phylobase","any_naC",FALSE,"None","None","None","None",FALSE
1840,"phylobase","hasDuplicatedLabelsCpp",FALSE,"None","None","None","None",FALSE
1841,"phylobase","hasPolytomy",FALSE,"None","None","None","None",FALSE
1842,"phylobase","hasSingleton",FALSE,"None","None","None","None",FALSE
1843,"phylobase","isLabelName",FALSE,"None","None","None","None",FALSE
1844,"phylobase","nRoots",FALSE,"None","None","None","None",FALSE
1845,"phylobase","nTipsFastCpp",FALSE,"None","None","None","None",FALSE
1846,"phylobase","nTipsSafe",FALSE,"None","None","73 bytes in 1 blocks are possibly lost in loss record 35 of 1,351 : src/checkPhylo4.cpp : 50","None",FALSE
1847,"phylobase","nb_naC",FALSE,"None","None","None","None",FALSE
1848,"phylobase","tabulateTips",FALSE,"None","None","73 bytes in 1 blocks are possibly lost in loss record 35 of 1,350 : src/checkPhylo4.cpp : 50","None",FALSE
1849,"phylobase","testEqInt",FALSE,"None","None","Invalid read of size 4 : src/checkPhylo4.cpp : 161","None",FALSE
1850,"phylobase","tipsFast",FALSE,"None","None","None","None",FALSE
1851,"phylobase","tipsSafe",FALSE,"None","None","Conditional jump or move depends on uninitialised value(s) : src/checkPhylo4.cpp : 105","None",FALSE
1852,"pinbasic","eho",FALSE,"None","None","Invalid read of size 8 : src/EHO.cpp : 9","None",FALSE
1853,"pinbasic","simulateBS",TRUE,"None","None","None","None",FALSE
1854,"propr","coordToIndex",FALSE,"None","None","Conditional jump or move depends on uninitialised value(s) : src/backend.cpp : 321","None",FALSE
1855,"propr","half2mat",FALSE,"None","None","None","None",FALSE
1856,"propr","indexToCoord",FALSE,"None","None","None","None",FALSE
1857,"propr","labRcpp",FALSE,"None","None","58 bytes in 1 blocks are possibly lost in loss record 31 of 1,261 : src/backend.cpp : 399","None",FALSE
1858,"propr","lr2phi",FALSE,"None","None","None","None",FALSE
1859,"propr","lr2phs",FALSE,"None","None","None","None",FALSE
1860,"propr","lr2rho",FALSE,"None","None","None","None",FALSE
1861,"propr","lr2vlr",FALSE,"None","None","None","None",FALSE
1862,"propr","rhoRcpp",FALSE,"None","None","None","None",FALSE
1863,"propr","wtmRcpp",FALSE,"None","None","None","None",FALSE
1864,"propr","wtvRcpp",FALSE,"None","None","None","None",FALSE
1865,"psrwe","c_match",FALSE,"None","None","Invalid read of size 8 : psrwe_cpp_tools.cpp : 53","None",FALSE
1866,"psrwe","crtTest",FALSE,"None","None","None","None",FALSE
1867,"ptsuite","GeoMean",FALSE,"None","None","None","None",FALSE
1868,"ptsuite","alpha_geometric_percentile",TRUE,"None","None","None","None",FALSE
1869,"ptsuite","alpha_ls",TRUE,"None","None","None","None",FALSE
1870,"ptsuite","alpha_modified_percentile",TRUE,"None","None","None","None",FALSE
1871,"ptsuite","alpha_moment",TRUE,"None","None","None","None",FALSE
1872,"ptsuite","alpha_percentile",TRUE,"None","None","None","None",FALSE
1873,"ptsuite","alpha_wls",TRUE,"None","None","None","None",FALSE
1874,"ptsuite","get_Percentiles",FALSE,"None","None","Invalid read of size 8 : c++_source.cpp : 340","None",FALSE
1875,"ptsuite","negative_check",FALSE,"None","None","None","None",FALSE
1876,"ptsuite","pareto_test",TRUE,"None","None","None","None",FALSE
1877,"quantregRanger","Findweights",FALSE,"None","None","None","None",FALSE
1878,"quantregRanger","Findweightsfast",FALSE,"None","None","None","None",FALSE
1879,"quantregRanger","Findweightsinbag",FALSE,"None","None","Invalid read of size 4 : src/Findweightsinbag.cpp : 15","None",FALSE
1880,"quantregRanger","Findweightsinbagfast",FALSE,"None","None","None","None",FALSE
1881,"quantregRanger","Findweightsinbagfastimp",FALSE,"None","None","None","None",FALSE
1882,"rankdist","AllPerms",FALSE,"None","None","None","None",FALSE
1883,"rankdist","CWeightGivenPi",FALSE,"None","None","None","None",FALSE
1884,"rankdist","CayleyNeighbour",FALSE,"None","None","None","None",FALSE
1885,"rankdist","FindCayley",FALSE,"None","None","43 bytes in 1 blocks are possibly lost in loss record 21 of 1,351 : src/utils.cpp : 221","None",FALSE
1886,"rankdist","FindV",FALSE,"None","None","53 bytes in 1 blocks are possibly lost in loss record 26 of 1,351 : src/utils.cpp : 163","None",FALSE
1887,"rankdist","KendallNeighbour",FALSE,"None","None","None","None",FALSE
1888,"rankdist","LogC",FALSE,"None","None","None","None",FALSE
1889,"rankdist","LogC_Component",FALSE,"None","None","None","None",FALSE
1890,"rankdist","Wtau",FALSE,"None","None","None","None",FALSE
1891,"rankdist","cycle_decomp",FALSE,"None","None","Invalid read of size 1 : src/utils.cpp : 208","None",FALSE
1892,"rbscCI","bscCI",TRUE,"None","None","Invalid write of size 4 : cp.cpp : 24","None",FALSE
1893,"rbscCI","cpCI",TRUE,"None","None","Invalid write of size 4 : cp.cpp : 24","None",FALSE
1894,"redist","bias",FALSE,"None","None","None","None",FALSE
1895,"redist","biasatv",FALSE,"None","None","None","None",FALSE
1896,"redist","calcPWDh",FALSE,"None","None","None","None",FALSE
1897,"redist","declination",FALSE,"None","None","None","None",FALSE
1898,"redist","dist_dist_diff",FALSE,"None","None","Invalid read of size 8 : distance_helpers.cpp : 65","None",FALSE
1899,"redist","dseatsDVS",FALSE,"None","None","None","None",FALSE
1900,"redist","effgapEP",FALSE,"None","None","None","None",FALSE
1901,"redist","lopsidedwins",FALSE,"None","None","None","None",FALSE
1902,"redist","meanmedian",FALSE,"None","None","None","None",FALSE
1903,"redist","responsiveness",FALSE,"None","None","None","None",FALSE
1904,"redist","segregationcalc",FALSE,"None","None","None","None",FALSE
1905,"redist","taugap",FALSE,"None","None","None","None",FALSE
1906,"relSim","IBS_Caller",FALSE,"None","None","Conditional jump or move depends on uninitialised value(s) : relSim.cpp : 13","None",FALSE
1907,"relSim","breed",FALSE,"None","None","Invalid read of size 4 : breed.cpp : 50","None",FALSE
1908,"relSim","locusIBS",TRUE,"None","None","Invalid read of size 4 : relSim.cpp : 10","None",FALSE
1909,"relSim","locusLRmix_Caller",FALSE,"None","None","Invalid read of size 8 : relSim.cpp : 88","None",FALSE
1910,"rem","weightTimesSummationCpp",FALSE,"None","None","Invalid read of size 8 : rem.cpp : 968","None",FALSE
1911,"remote","corC",FALSE,"None","None","None","None",FALSE
1912,"remote","findudC",FALSE,"None","None","None","None",FALSE
1913,"remote","iodaC",FALSE,"None","None","None","None",FALSE
1914,"remote","iodaSumC",FALSE,"None","None","None","None",FALSE
1915,"remote","lmC",FALSE,"None","None","None","None",FALSE
1916,"remote","monthlyMeansC",FALSE,"None","None","None","None",FALSE
1917,"remote","respLmParam",FALSE,"None","None","63 bytes in 1 blocks are possibly lost in loss record 32 of 1,322 : EotCppFun.cpp : 112","None",FALSE
1918,"rhoR","calcRho_c",FALSE,"None","None","Conditional jump or move depends on uninitialised value(s) : rhor.cpp : 113","None",FALSE
1919,"rhoR","check_BRK_combo",FALSE,"None","None","None","None",FALSE
1920,"rhoR","contingency_table",TRUE,"None","None","None","None",FALSE
1921,"rhoR","random_contingency_table",TRUE,"None","None","None","None",FALSE
1922,"rhoR","recall",TRUE,"None","None","None","None",FALSE
1923,"rlfsm","a_tilda_cpp",FALSE,"None","None","73 bytes in 1 blocks are possibly lost in loss record 35 of 1,321 : code.cpp : 39","None",FALSE
1924,"rlme","bmat2C",FALSE,"None","None","None","None",FALSE
1925,"rlme","bmat_schC",FALSE,"None","None","None","None",FALSE
1926,"rlme","remove_k_smallest",FALSE,"None","None","Argument 'size' of function malloc has a fishy (possibly negative) value: -4140829212
 : remove_k_smallest.cpp : 6","None",FALSE
1927,"rlme","rhoschC",FALSE,"None","None","Invalid read of size 8 : rhosch.cpp : 37","None",FALSE
1928,"rlme","rhosectC",FALSE,"None","None","Invalid read of size 8 : rhosch.cpp : 144","None",FALSE
1929,"robFitConGraph","CapplyB",FALSE,"None","None","Invalid read of size 8 : auxFuncC.cpp : 13","None",FALSE
1930,"robFitConGraph","myfitConGraphC",FALSE,"None","None","Invalid read of size 8 : auxFuncC.cpp : 77","None",FALSE
1931,"robmixglm","llrandbinomcpp",FALSE,"None","None","Conditional jump or move depends on uninitialised value(s) : src/fit.robmixglm.cpp : 115","None",FALSE
1932,"robmixglm","llrandgammacpp",FALSE,"None","None","None","None",FALSE
1933,"robmixglm","llrandpoiscpp",FALSE,"None","None","Conditional jump or move depends on uninitialised value(s) : src/fit.robmixglm.cpp : 28","None",FALSE
1934,"robmixglm","llrandtruncpoiscpp",FALSE,"None","None","None","None",FALSE
1935,"robustBLME","V_list",FALSE,"None","None","None","None",FALSE
1936,"robustBLME","psi_huber",FALSE,"None","None","None","None",FALSE
1937,"robustBLME","psip_huber",FALSE,"None","None","None","None",FALSE
1938,"robustBLME","simData_rls",FALSE,"None","None","3,872,465,776 bytes in 1 blocks are possibly lost in loss record 1,318 of 1,318 : robust_loc_scale.cpp : 90","None",FALSE
1939,"rrecsys","FSVDupdaterSparseMat",FALSE,"None","None","None","None",FALSE
1940,"rrecsys","FSVDupdaterSparseMatBiases",FALSE,"None","None","None","None",FALSE
1941,"rrecsys","ItemSimil",FALSE,"None","None","None","None",FALSE
1942,"rrecsys","ItemSimilSparseMat",FALSE,"None","None","None","None",FALSE
1943,"rrecsys","UserSimil",FALSE,"None","None","None","None",FALSE
1944,"rrecsys","UserSimilSparseMat",FALSE,"None","None","None","None",FALSE
1945,"rrecsys","itemMFCount",FALSE,"None","None","None","None",FALSE
1946,"rrecsys","weightedSlopeOneRM",FALSE,"None","None","None","None",FALSE
1947,"rres","twostep_grm_cpp",FALSE,"None","None","Invalid read of size 8 : src/twostep_grm.cpp : 17","None",FALSE
1948,"s2","cpp_s2_geog_point",FALSE,"None","None","Invalid read of size 8 : s2-constructors-formatters.cpp : 25","None",FALSE
1949,"s2","cpp_s2_make_line",FALSE,"None","None","Use of uninitialised value of size 8 : polyline-geography.h : 172","None",FALSE
1950,"s2","s2_lnglat_from_numeric",FALSE,"None","None","None","None",FALSE
1951,"s2","s2_point_from_numeric",FALSE,"None","None","None","None",FALSE
1952,"segmag","calc_segmentation_magnitude_impl",FALSE,"None","None","Invalid read of size 8 : calc_segmentation_magnitude_impl.cpp : 29","None",FALSE
1953,"segmag","flag_maxima_positions_impl",FALSE,"None","None","None","None",FALSE
1954,"segmenTier","ccor",FALSE,"None","None","51 bytes in 1 blocks are possibly lost in loss record 26 of 1,350 : segment.cpp : 37","None",FALSE
1955,"segmenTier","clusterCor_c",TRUE,"None","None","None","None",FALSE
1956,"segmenTier","icor",FALSE,"None","None","None","None",FALSE
1957,"segmenTier","myPearson",FALSE,"None","None","None","None",FALSE
1958,"seismicRoll","roll_hampel_numeric_vector",FALSE,"None","None","None","None",FALSE
1959,"seismicRoll","roll_mean_numeric_vector",FALSE,"None","None","None","None",FALSE
1960,"seismicRoll","roll_median_numeric_vector",FALSE,"None","None","None","None",FALSE
1961,"seismicRoll","roll_range_numeric_vector",FALSE,"None","None","Invalid read of size 8 : source_files.cpp : 337","None",FALSE
1962,"seismicRoll","roll_sd_numeric_vector",FALSE,"None","None","Invalid write of size 8 : source_files.cpp : 273","None",FALSE
1963,"seismicRoll","roll_stalta_numeric_vector",FALSE,"None","None","None","None",FALSE
1964,"selectiveInference","downdate1_",FALSE,"None","None","None","None",FALSE
1965,"selectiveInference","log_density_gaussian_",FALSE,"None","None","None","None",FALSE
1966,"selectiveInference","log_density_gaussian_conditional_",FALSE,"None","None","Invalid read of size 8 : randomized_lasso.c : 147","None",FALSE
1967,"selectiveInference","log_density_laplace_",FALSE,"None","None","None","None",FALSE
1968,"selectiveInference","log_density_laplace_conditional_",FALSE,"None","None","None","None",FALSE
1969,"selectiveInference","solve_QP",FALSE,"None","None","Invalid read of size 8 : Rcpp-debias.cpp : 37","None",FALSE
1970,"selectiveInference","solve_QP_wide",FALSE,"None","None","Invalid write of size 4 : quadratic_program_wide.c : 151","None",FALSE
1971,"selectiveInference","solve_barrier_",FALSE,"None","None","Invalid read of size 8 : Rcpp-randomized.cpp : 152","None",FALSE
1972,"selectiveInference","update1_",FALSE,"None","None","None","None",FALSE
1973,"serrsBayes","effectiveSampleSize",FALSE,"None","None","None","None",FALSE
1974,"serrsBayes","reWeightParticles",FALSE,"None","None","None","None",FALSE
1975,"serrsBayes","resampleParticles",FALSE,"None","None","None","None",FALSE
1976,"serrsBayes","residualResampling",FALSE,"None","None","None","None",FALSE
1977,"serrsBayes","weightedMean",FALSE,"None","None","None","None",FALSE
1978,"serrsBayes","weightedVariance",FALSE,"None","None","Invalid read of size 8 : mixLorentz.cpp : 337","None",FALSE
1979,"signalHsmm","duration_viterbi",TRUE,"None","None","Invalid read of size 8 : src/duration_viterbi.cpp : 79","None",FALSE
1980,"signnet","arcDist",FALSE,"None","None","None","None",FALSE
1981,"signnet","arcDistMat",FALSE,"None","None","None","None",FALSE
1982,"signnet","triadCensusSign",FALSE,"None","None","None","None",FALSE
1983,"simPop","binary_representation",FALSE,"None","None","None","None",FALSE
1984,"simPop","ipu_work",FALSE,"None","None","59 bytes in 1 blocks are possibly lost in loss record 31 of 1,355 : src/ipu.cpp : 25","None",FALSE
1985,"simPop","select_equal",FALSE,"None","None","None","None",FALSE
1986,"simPop","sumVec",FALSE,"None","None","None","None",FALSE
1987,"simPop","tableC",FALSE,"None","None","None","None",FALSE
1988,"simPop","updateMatC",FALSE,"None","None","Invalid read of size 8 : src/updateMat.cpp : 64","None",FALSE
1989,"simPop","updateVecC",FALSE,"None","None","Invalid read of size 4 : src/updateVec.cpp : 43","None",FALSE
1990,"simstudy","clipVec",FALSE,"None","None","Use of uninitialised value of size 8 : src/srcRcpp.cpp : 76","None",FALSE
1991,"simstudy","markovChains",FALSE,"None","None","None","None",FALSE
1992,"simstudy","matMultinom",FALSE,"None","None","None","None",FALSE
1993,"smerc","stat_binom_cpp",FALSE,"None","None","Invalid read of size 8 : scsg2_cpp.cpp : 281","None",FALSE
1994,"smerc","stat_poisson_cpp",FALSE,"None","None","Invalid read of size 8 : scsg2_cpp.cpp : 221","None",FALSE
1995,"specklestar","speckle_acf",TRUE,"None","None","Invalid read of size 8 : speckle_acf.cpp : 25","None",FALSE
1996,"specklestar","speckle_generator",TRUE,"None","None","None","None",FALSE
1997,"splithalf","Speedloop",FALSE,"None","None","None","None",FALSE
1998,"spsann","objMSSDCpp",FALSE,"None","None","None","None",FALSE
1999,"spsann","spJitterCpp",FALSE,"None","None","Invalid read of size 8 : spJitterCpp.cpp : 21","None",FALSE
2000,"spsann","updateMSSDCpp",FALSE,"None","None","Invalid write of size 8 : updateMSSDCpp.cpp : 33","None",FALSE
2001,"spsann","updatePPLCpp",FALSE,"None","None","Invalid read of size 8 : updatePPLCpp.cpp : 30","None",FALSE
2002,"starvz","integrateStepFunc",FALSE,"None","None","None","None",FALSE
2003,"steps","can_source_cell_disperse",FALSE,"None","None","None","None",FALSE
2004,"steps","fast_match",FALSE,"None","None","None","None",FALSE
2005,"steps","pmax_zero",FALSE,"None","None","None","None",FALSE
2006,"steps","rcpp_dispersal",FALSE,"None","None","None","None",FALSE
2007,"steps","shuffle_vec",FALSE,"None","None","None","None",FALSE
2008,"stocks","diffs",TRUE,"None","None","52 bytes in 1 blocks are possibly lost in loss record 26 of 1,283 : src/diffs.cpp : 46","None",FALSE
2009,"stocks","mdd_hl",FALSE,"None","None","42 bytes in 1 blocks are possibly lost in loss record 21 of 1,350 : src/mdd_c.cpp : 60","None",FALSE
2010,"stocks","mdd_hl_indices",FALSE,"None","None","44 bytes in 1 blocks are possibly lost in loss record 22 of 1,352 : src/mdd_c.cpp : 81","None",FALSE
2011,"stocks","mdd_p",FALSE,"None","None","None","None",FALSE
2012,"stocks","mdd_p_indices",FALSE,"None","None","None","None",FALSE
2013,"stocks","pchanges",TRUE,"None","None","52 bytes in 1 blocks are possibly lost in loss record 26 of 1,285 : src/pchanges.cpp : 48","None",FALSE
2014,"stocks","pdiffs",TRUE,"None","None","53 bytes in 1 blocks are possibly lost in loss record 26 of 1,285 : src/pdiffs.cpp : 49","None",FALSE
2015,"stocks","ratios",TRUE,"None","None","None","None",FALSE
2016,"superml","normalise1d",TRUE,"None","None","None","None",FALSE
2017,"superml","normalise2d",TRUE,"None","None","68 bytes in 1 blocks are possibly lost in loss record 34 of 1,321 : utils.cpp : 242","None",FALSE
2018,"superml","sort_vector_with_names",FALSE,"None","None","41 bytes in 1 blocks are possibly lost in loss record 23 of 1,323 : utils.cpp : 309","None",FALSE
2019,"superml","sorted",FALSE,"None","None","None","None",FALSE
2020,"surveysd","ipf_step",TRUE,"None","None","None","None",FALSE
2021,"surveysd","ipf_step_f",TRUE,"None","None","None","None",FALSE
2022,"surveysd","ipf_step_ref",TRUE,"None","None","None","None",FALSE
2023,"surveysd","weightedRatio",TRUE,"None","None","None","None",FALSE
2024,"surveysd","weightedSum",TRUE,"None","None","None","None",FALSE
2025,"survivalmodels","C_Akritas",FALSE,"None","None","None","None",FALSE
2026,"swephR","azalt",FALSE,"None","None","None","None",FALSE
2027,"swephR","azalt_rev",FALSE,"None","None","None","None",FALSE
2028,"swephR","calc",FALSE,"None","None","None","None",FALSE
2029,"swephR","calc_ut",FALSE,"None","None","None","None",FALSE
2030,"swephR","day_of_week",FALSE,"None","None","None","None",FALSE
2031,"swephR","deltat",FALSE,"None","None","None","None",FALSE
2032,"swephR","deltat_ex",FALSE,"None","None","None","None",FALSE
2033,"swephR","fixstar2",FALSE,"None","None","None","None",FALSE
2034,"swephR","fixstar2_mag",FALSE,"None","None","None","None",FALSE
2035,"swephR","fixstar2_ut",FALSE,"None","None","None","None",FALSE
2036,"swephR","get_ayanamsa_ex",FALSE,"None","None","None","None",FALSE
2037,"swephR","get_ayanamsa_ex_ut",FALSE,"None","None","None","None",FALSE
2038,"swephR","get_ayanamsa_name",FALSE,"None","None","None","None",FALSE
2039,"swephR","get_orbital_elements",FALSE,"None","None","None","None",FALSE
2040,"swephR","get_planet_name",FALSE,"None","None","None","None",FALSE
2041,"swephR","heliacal_angle",FALSE,"None","None","None","None",FALSE
2042,"swephR","jdet_to_utc",FALSE,"None","None","None","None",FALSE
2043,"swephR","jdut1_to_utc",FALSE,"None","None","None","None",FALSE
2044,"swephR","julday",FALSE,"None","None","None","None",FALSE
2045,"swephR","lat_to_lmt",FALSE,"None","None","None","None",FALSE
2046,"swephR","lmt_to_lat",FALSE,"None","None","None","None",FALSE
2047,"swephR","lun_eclipse_how",FALSE,"None","None","None","None",FALSE
2048,"swephR","nod_aps",FALSE,"None","None","None","None",FALSE
2049,"swephR","nod_aps_ut",FALSE,"None","None","None","None",FALSE
2050,"swephR","orbit_max_min_true_distance",FALSE,"None","None","None","None",FALSE
2051,"swephR","pheno",FALSE,"None","None","None","None",FALSE
2052,"swephR","pheno_ut",FALSE,"None","None","None","None",FALSE
2053,"swephR","refrac",FALSE,"None","None","None","None",FALSE
2054,"swephR","refrac_extended",FALSE,"None","None","None","None",FALSE
2055,"swephR","revjul",FALSE,"None","None","None","None",FALSE
2056,"swephR","set_delta_t_userdef",FALSE,"None","None","None","None",FALSE
2057,"swephR","set_sid_mode",FALSE,"None","None","None","None",FALSE
2058,"swephR","set_tid_acc",FALSE,"None","None","None","None",FALSE
2059,"swephR","set_topo",FALSE,"None","None","None","None",FALSE
2060,"swephR","sidtime",FALSE,"None","None","None","None",FALSE
2061,"swephR","sol_eclipse_how",FALSE,"None","None","None","None",FALSE
2062,"swephR","sol_eclipse_where",FALSE,"None","None","None","None",FALSE
2063,"swephR","time_equ",FALSE,"None","None","None","None",FALSE
2064,"swephR","topo_arcus_visionis",FALSE,"None","None","None","None",FALSE
2065,"swephR","utc_time_zone",FALSE,"None","None","None","None",FALSE
2066,"swephR","utc_to_jd",FALSE,"None","None","None","None",FALSE
2067,"tagcloud","any_overlap",FALSE,"None","None","None","None",FALSE
2068,"tagcloud","is_overlap",FALSE,"None","None","None","None",FALSE
2069,"tagcloud","row_overlap",FALSE,"None","None","39 bytes in 1 blocks are possibly lost in loss record 21 of 1,350 : overlap.cpp : 12","None",FALSE
2070,"textmineR","HellingerMat",TRUE,"None","None","None","None",FALSE
2071,"textmineR","Hellinger_cpp",TRUE,"None","None","Invalid read of size 8 : Hellinger_cpp.cpp : 20","None",FALSE
2072,"textmineR","JSD_cpp",TRUE,"None","None","None","None",FALSE
2073,"textmineR","JSDmat",TRUE,"None","None","None","None",FALSE
2074,"tibbletime","is_ordered_numeric",FALSE,"None","None","None","None",FALSE
2075,"tibbletime","sorted_range_search",FALSE,"None","None","None","None",FALSE
2076,"tidygenomics","cluster_interval",TRUE,"None","None","None","None",FALSE
2077,"tidygenomics","sort_indices",FALSE,"None","None","None","None",FALSE
2078,"tidygraph","get_paths",FALSE,"None","None","Invalid read of size 4 : get_paths.cpp : 12","None",FALSE
2079,"tidyxl","is_date_format_",FALSE,"None","None","None","None",FALSE
2080,"tidyxl","xlex_",FALSE,"None","None","None","None",FALSE
2081,"timma","maxcpp",FALSE,"None","None","77 bytes in 1 blocks are definitely lost in loss record 35 of 1,351 : src/max_min.cpp : 10","None",FALSE
2082,"timma","maxcpp1",FALSE,"None","None","41 bytes in 1 blocks are definitely lost in loss record 21 of 1,351 : src/max_min.cpp : 81","None",FALSE
2083,"timma","mincpp",FALSE,"None","None","77 bytes in 1 blocks are definitely lost in loss record 35 of 1,351 : src/max_min.cpp : 33","None",FALSE
2084,"timma","mincpp1",FALSE,"None","None","41 bytes in 1 blocks are definitely lost in loss record 21 of 1,350 : src/max_min.cpp : 101","None",FALSE
2085,"timma","sumcpp",FALSE,"None","None","77 bytes in 1 blocks are definitely lost in loss record 35 of 1,351 : src/max_min.cpp : 58","None",FALSE
2086,"timma","sumcpp1",FALSE,"None","None","41 bytes in 1 blocks are definitely lost in loss record 21 of 1,351 : src/max_min.cpp : 120","None",FALSE
2087,"trackdem","cb",FALSE,"None","None","None","None",FALSE
2088,"trackdem","cb1",FALSE,"None","None","Invalid write of size 8 : cb1.cpp : 15","None",FALSE
2089,"trackdem","getCoords",FALSE,"None","None","136 bytes in 1 blocks are possibly lost in loss record 49 of 1,322 : getCoords.cpp : 10","None",FALSE
2090,"trackdem","muP",FALSE,"None","None","136 bytes in 1 blocks are possibly lost in loss record 50 of 1,323 : muP.cpp : 15","None",FALSE
2091,"trackdem","muP1",FALSE,"None","None","136 bytes in 1 blocks are possibly lost in loss record 50 of 1,322 : muP1.cpp : 15","None",FALSE
2092,"trackdem","sb",FALSE,"None","None","136 bytes in 1 blocks are possibly lost in loss record 50 of 1,324 : sb.cpp : 11","None",FALSE
2093,"trackdem","sb2",FALSE,"None","None","Invalid read of size 8 : sb2.cpp : 26","None",FALSE
2094,"trackdem","sdP",FALSE,"None","None","136 bytes in 1 blocks are possibly lost in loss record 50 of 1,326 : sdP.cpp : 16","None",FALSE
2095,"trackdem","sdP1",FALSE,"None","None","136 bytes in 1 blocks are possibly lost in loss record 50 of 1,323 : sdP1.cpp : 16","None",FALSE
2096,"transport","create_diagram",FALSE,"None","None","None","None",FALSE
2097,"transport","gen_cost",FALSE,"None","None","None","None",FALSE
2098,"transport","networkflow",FALSE,"None","None","None","None",FALSE
2099,"triangulr","CTriC",FALSE,"None","None","None","None",FALSE
2100,"triangulr","CTriC2",FALSE,"None","None","Conditional jump or move depends on uninitialised value(s) : ctri.cpp : 63","None",FALSE
2101,"triangulr","MGTriC",FALSE,"None","None","None","None",FALSE
2102,"triangulr","MGTriC2",FALSE,"None","None","None","None",FALSE
2103,"tweenr","colour_at_interpolator",FALSE,"None","None","62 bytes in 1 blocks are possibly lost in loss record 32 of 1,325 : interpolators.cpp : 1119","None",FALSE
2104,"tweenr","colour_element_interpolator",FALSE,"None","None","None","None",FALSE
2105,"tweenr","colour_fill_interpolator",FALSE,"None","None","62 bytes in 1 blocks are possibly lost in loss record 32 of 1,326 : interpolators.cpp : 1202","None",FALSE
2106,"tweenr","constant_at_interpolator",FALSE,"None","None","62 bytes in 1 blocks are possibly lost in loss record 33 of 1,334 : interpolators.cpp : 1133","None",FALSE
2107,"tweenr","constant_element_interpolator",FALSE,"None","None","19 bytes in 1 blocks are definitely lost in loss record 17 of 1,342 : interpolators.cpp : 654","None",FALSE
2108,"tweenr","constant_fill_interpolator",FALSE,"None","None","62 bytes in 1 blocks are possibly lost in loss record 32 of 1,329 : interpolators.cpp : 1223","None",FALSE
2109,"tweenr","numeric_at_interpolator",FALSE,"None","None","62 bytes in 1 blocks are possibly lost in loss record 32 of 1,326 : interpolators.cpp : 1105","None",FALSE
2110,"tweenr","numeric_element_interpolator",FALSE,"None","None","None","None",FALSE
2111,"tweenr","numeric_fill_interpolator",FALSE,"None","None","62 bytes in 1 blocks are possibly lost in loss record 32 of 1,326 : interpolators.cpp : 1180","None",FALSE
2112,"tweenr","phase_element_interpolator",FALSE,"None","None","None","None",FALSE
2113,"unsystation","funcApplyVar",FALSE,"None","None","None","None",FALSE
2114,"unsystation","funcRes",FALSE,"None","None","None","None",FALSE
2115,"unsystation","funcResVar",FALSE,"None","None","None","None",FALSE
2116,"unsystation","funcSEMat",FALSE,"None","None","79 bytes in 1 blocks are possibly lost in loss record 35 of 1,266 : sim12.cpp : 70","None",FALSE
2117,"unsystation","funcSimX",FALSE,"None","None","None","None",FALSE
2118,"unsystation","func_coef",FALSE,"None","None","None","None",FALSE
2119,"urltools","get_component_",FALSE,"None","None","Invalid read of size 8 : parsing.cpp : 181","None",FALSE
2120,"urltools","get_credentials",TRUE,"None","None","None","None",FALSE
2121,"urltools","host_extract_",FALSE,"None","None","None","None",FALSE
2122,"urltools","param_remove",TRUE,"None","None","None","None",FALSE
2123,"urltools","puny_decode",TRUE,"None","None","None","None",FALSE
2124,"urltools","puny_encode",TRUE,"None","None","None","None",FALSE
2125,"urltools","reverse_strings",FALSE,"None","None","None","None",FALSE
2126,"urltools","rm_component_",FALSE,"None","None","None","None",FALSE
2127,"urltools","set_component_",FALSE,"None","None","None","None",FALSE
2128,"urltools","strip_credentials",TRUE,"None","None","None","None",FALSE
2129,"urltools","tld_extract_",FALSE,"None","None","None","None",FALSE
2130,"urltools","url_decode",TRUE,"None","None","None","None",FALSE
2131,"urltools","url_encode",TRUE,"None","None","None","None",FALSE
2132,"urltools","url_parse",TRUE,"None","None","None","None",FALSE
2133,"uwot","fast_intersection_cpp",FALSE,"None","None","Invalid read of size 4 : supervised.cpp : 34","None",FALSE
2134,"uwot","general_sset_intersection_cpp",FALSE,"None","None","Invalid read of size 4 : supervised.cpp : 55","None",FALSE
2135,"vapour","VSI_list",FALSE,"None","None","None","None",FALSE
2136,"vapour","proj_to_wkt_cpp",FALSE,"None","None","None","None",FALSE
2137,"vapour","raster_gcp_cpp",FALSE,"None","None","None","None",FALSE
2138,"vapour","raster_io_cpp",FALSE,"None","None","None","None",FALSE
2139,"vapour","vapour_driver_cpp",FALSE,"None","None","None","None",FALSE
2140,"vapour","vapour_layer_names_cpp",FALSE,"None","None","None","None",FALSE
2141,"vapour","vapour_projection_info_cpp",FALSE,"None","None","None","None",FALSE
2142,"vapour","vapour_read_attributes_cpp",FALSE,"None","None","None","None",FALSE
2143,"vapour","vapour_read_geometry_cpp",FALSE,"None","None","None","None",FALSE
2144,"vapour","vapour_read_names_cpp",FALSE,"None","None","None","None",FALSE
2145,"vapour","vapour_report_attributes_cpp",FALSE,"None","None","None","None",FALSE
2146,"vapour","warp_memory_cpp",FALSE,"None","None","Invalid read of size 8 : raster_warp.cpp : 83","None",FALSE
2147,"volesti","frustum_of_simplex",TRUE,"None","None","Invalid write of size 4 : volume.cpp : 319","None",FALSE
2148,"vsgoftest","moy",FALSE,"None","None","None","None",FALSE
2149,"vsgoftest","vestimates",FALSE,"None","None","Invalid read of size 8 : vasicek.cpp : 32","None",FALSE
2150,"waspr","hmode",FALSE,"None","None","None","None",FALSE
2151,"waspr","hmodeci",FALSE,"None","None","Invalid read of size 8 : utils.cpp : 86","None",FALSE
2152,"windfarmGA","angles_CPP",FALSE,"None","None","Invalid read of size 8 : src/helpers.cpp : 31","None",FALSE
2153,"windfarmGA","energy_calc_CPP",FALSE,"None","None","Conditional jump or move depends on uninitialised value(s) : src/helpers.cpp : 47","None",FALSE
2154,"windfarmGA","point_2_line_CPP",FALSE,"None","None","None","None",FALSE
2155,"windfarmGA","wake_CPP",FALSE,"None","None","None","None",FALSE
2156,"wk","cpp_format_wkt",FALSE,"None","None","None","None",FALSE
2157,"wk","cpp_problems_wkt",FALSE,"None","None","None","None",FALSE
2158,"wk","cpp_wkt_translate_wkb",FALSE,"None","None","68 bytes in 1 blocks are possibly lost in loss record 33 of 1,355 : translate.cpp : 47","None",FALSE
2159,"wk","cpp_wkt_translate_wksxp",FALSE,"None","None","21 bytes in 1 blocks are possibly lost in loss record 17 of 1,360 : translate.cpp : 56","None",FALSE
2160,"wkutils","cpp_coords_linestring_translate_wkb",FALSE,"None","None","68 bytes in 1 blocks are possibly lost in loss record 32 of 1,358 : coords-translate.cpp : 51","None",FALSE
2161,"wkutils","cpp_coords_linestring_translate_wksxp",FALSE,"None","None","None","None",FALSE
2162,"wkutils","cpp_coords_point_translate_wkb",FALSE,"None","None","None","None",FALSE
2163,"wkutils","cpp_coords_point_translate_wksxp",FALSE,"None","None","Invalid read of size 8 : coords-translate.cpp : 31","None",FALSE
2164,"wkutils","cpp_coords_polygon_translate_wkb",FALSE,"None","None","None","None",FALSE
2165,"wkutils","cpp_coords_polygon_translate_wksxp",FALSE,"None","None","Conditional jump or move depends on uninitialised value(s) : coords-translate.cpp : 89","None",FALSE
2166,"wkutils","cpp_debug_wkt",FALSE,"None","None","None","None",FALSE
2167,"wkutils","cpp_debug_wkt_streamer",FALSE,"None","None","None","None",FALSE
2168,"wkutils","cpp_wkt_has_missing",FALSE,"None","None","25 bytes in 1 blocks are possibly lost in loss record 19 of 1,357 : finite.cpp : 112","None",FALSE
2169,"wkutils","cpp_wkt_has_non_finite",FALSE,"None","None","21 bytes in 1 blocks are possibly lost in loss record 18 of 1,359 : finite.cpp : 80","None",FALSE
2170,"xyz","absolute_covariates",FALSE,"None","None","None","None",FALSE
2171,"xyz","colsum_index",FALSE,"None","None","Invalid read of size 8 : core.cpp : 190","None",FALSE
2172,"xyz","create_lambda_sequence",FALSE,"None","None","None","None",FALSE
2173,"xyz","equalpairs",FALSE,"None","None","None","None",FALSE
2174,"xyz","naive_interaction_search",FALSE,"None","None","None","None",FALSE
2175,"xyz","sample_int_replace",FALSE,"None","None","None","None",FALSE
2176,"xyz","sample_uniform",FALSE,"None","None","None","None",FALSE
2177,"xyz","scale_intr",FALSE,"None","None","Invalid read of size 8 : core.cpp : 753","None",FALSE
2178,"xyz","soft_threshold",FALSE,"None","None","None","None",FALSE
2179,"xyz","translate_to_binary",FALSE,"None","None","None","None",FALSE
